"address","businessProfileId","categories/0","categories/1","categories/2","categories/3","categories/4","categories/5","categories/6","categories/7","categories/8","categories/9","categoryName","cid","city","countryCode","fid","hotelStars","imageUrl","isAdvertisement","isLocalGuide","kgmid","language","likesCount","location/lat","location/lng","name","neighborhood","originalLanguage","permanentlyClosed","placeId","postalCode","price","publishAt","publishedAtDate","rating","responseFromOwnerDate","responseFromOwnerText","reviewContext/Negative","reviewContext/Positive","reviewContext/Price assessment","reviewContext/Services","reviewId","reviewImageUrls/0","reviewOrigin","reviewUrl","reviewerId","reviewerNumberOfReviews","reviewerPhotoUrl","reviewerUrl","reviewsCount","scrapedAt","searchString","stars","state","street","temporarilyClosed","text","textTranslated","title","totalScore","translatedLanguage","url","visitedIn"
"1705 Ohio Ave, Joplin, MO 64804","3818474682365387824","Handyman/Handywoman/Handyperson","Bathroom remodeler","Construction company","Deck builder","Dry wall contractor","Fence contractor","Flooring contractor","Kitchen remodeler","Painter","Plumber","Handyman/Handywoman/Handyperson","7007871675505147316","Joplin","US","0x87c87b817ea6aaab:0x6140f628da017db4",,"https://lh3.googleusercontent.com/gps-cs-s/AHRPTWnbAvVtx6M_o7f6ghNc9UEvBATC6196-qcpGP3DevpEhzC-_yhIzVvzg4qO0xLo4LcSXLKgDjVgafr3jzHKVRN3b6sGJHtS7Ky9_51D2O5QIwh9_BjJpZORBrESqWVoCuPl3ZqpE2G7BeCo=w426-h240-k-no","false","false","/g/11f4_5j3ch","en","0","37.072572","-94.505007","Carol Scheerer",,"en","false","ChIJq6qmfoF7yIcRtH0B2ij2QGE","64804",,"4 weeks ago","2026-08-04T15:36:09.658Z",,"2026-08-05T01:23:34.000Z","Thank you so very much carol.  From changing your water heater to installing new drier vent ducting ,you can always count on us! ",,,,,"Ci9DQUlRQUNvZENodHljRjlvT25KR2IzRnlSVzkwWkhkWmNuVnZkV1pGUzBKVlVsRRAB",,"Google","https://www.google.com/maps/reviews/data=!4m8!14m7!1m6!2m5!1sCi9DQUlRQUNvZENodHljRjlvT25KR2IzRnlSVzkwWkhkWmNuVnZkV1pGUzBKVlVsRRAB!2m1!1s0x0:0x6140f628da017db4!3m1!1s2@1:CAIQACodChtycF9oOnJGb3FyRW90ZHdZcnVvdWZFS0JVUlE%7C%7C?hl=en","106673630261317065948","4","https://lh3.googleusercontent.com/a/ACg8ocJCM12Ko_oUb71u77-P3TLs_4r_ByWUE3w7gFLh6z5_Qf8Qeg=s1920-c-rp-mo-br100","https://www.google.com/maps/contrib/106673630261317065948?hl=en","116","2026-09-02T04:33:41.618Z","Direct Detail URL: https://www.google.com/maps/place/Shere's+construction+%26+handyman/@37.072572,-94.505007,17z/data=!3m1!4b1!4m6!3m5!1s0x87c87b817ea6aaab:0x6140f628da017db4!8m2!3d37.072572!4d-94.505007!16s%2Fg%2F11f4_5j3ch?entry=ttu&g_ep=EgoyMDI2MDgzMC4wIKXMDSoASAFQAw%3D%3D","5","Missouri","1705 Ohio Ave","false","Excellent workmanship. Always on time. Explains things thoroughly. Cleans up and removes all old parts. will call again",,"Shere's construction & handyman","4.5",,"https://www.google.com/maps/search/?api=1&query=Shere's%20construction%20%26%20handyman&query_place_id=ChIJq6qmfoF7yIcRtH0B2ij2QGE",
"1705 Ohio Ave, Joplin, MO 64804","3818474682365387824","Handyman/Handywoman/Handyperson","Bathroom remodeler","Construction company","Deck builder","Dry wall contractor","Fence contractor","Flooring contractor","Kitchen remodeler","Painter","Plumber","Handyman/Handywoman/Handyperson","7007871675505147316","Joplin","US","0x87c87b817ea6aaab:0x6140f628da017db4",,"https://lh3.googleusercontent.com/gps-cs-s/AHRPTWnbAvVtx6M_o7f6ghNc9UEvBATC6196-qcpGP3DevpEhzC-_yhIzVvzg4qO0xLo4LcSXLKgDjVgafr3jzHKVRN3b6sGJHtS7Ky9_51D2O5QIwh9_BjJpZORBrESqWVoCuPl3ZqpE2G7BeCo=w426-h240-k-no","false","false","/g/11f4_5j3ch","en","0","37.072572","-94.505007","Canyon Walker",,"en","false","ChIJq6qmfoF7yIcRtH0B2ij2QGE","64804",,"a month ago","2026-07-24T14:47:36.925Z",,"2026-07-24T15:17:45.000Z","Thank you canyon for the kind words.  We look forward to working with you again in the near future.  ",,,,"Fence installation","Ci9DQUlRQUNvZENodHljRjlvT2xjNGJVNVZSVFExWWpCcGRFSmxiVWhJUkhOclRGRRAB",,"Google","https://www.google.com/maps/reviews/data=!4m8!14m7!1m6!2m5!1sCi9DQUlRQUNvZENodHljRjlvT2xjNGJVNVZSVFExWWpCcGRFSmxiVWhJUkhOclRGRRAB!2m1!1s0x0:0x6140f628da017db4!3m1!1s2@1:CAIQACodChtycF9oOlc4bU5VRTQ1YjBpdEJlbUhIRHNrTFE%7C%7C?hl=en","115046664564753615236","1","https://lh3.googleusercontent.com/a/ACg8ocLi6fjS2hUd3woAn5rBaFs5njsDfOyj20QrlIjGSbhiSeALKg=s1920-c-rp-mo-br100","https://www.google.com/maps/contrib/115046664564753615236?hl=en","116","2026-09-02T04:33:41.618Z","Direct Detail URL: https://www.google.com/maps/place/Shere's+construction+%26+handyman/@37.072572,-94.505007,17z/data=!3m1!4b1!4m6!3m5!1s0x87c87b817ea6aaab:0x6140f628da017db4!8m2!3d37.072572!4d-94.505007!16s%2Fg%2F11f4_5j3ch?entry=ttu&g_ep=EgoyMDI2MDgzMC4wIKXMDSoASAFQAw%3D%3D","5","Missouri","1705 Ohio Ave","false","They were really nice!",,"Shere's construction & handyman","4.5",,"https://www.google.com/maps/search/?api=1&query=Shere's%20construction%20%26%20handyman&query_place_id=ChIJq6qmfoF7yIcRtH0B2ij2QGE",
"1705 Ohio Ave, Joplin, MO 64804","3818474682365387824","Handyman/Handywoman/Handyperson","Bathroom remodeler","Construction company","Deck builder","Dry wall contractor","Fence contractor","Flooring contractor","Kitchen remodeler","Painter","Plumber","Handyman/Handywoman/Handyperson","7007871675505147316","Joplin","US","0x87c87b817ea6aaab:0x6140f628da017db4",,"https://lh3.googleusercontent.com/gps-cs-s/AHRPTWnbAvVtx6M_o7f6ghNc9UEvBATC6196-qcpGP3DevpEhzC-_yhIzVvzg4qO0xLo4LcSXLKgDjVgafr3jzHKVRN3b6sGJHtS7Ky9_51D2O5QIwh9_BjJpZORBrESqWVoCuPl3ZqpE2G7BeCo=w426-h240-k-no","false","false","/g/11f4_5j3ch","en","0","37.072572","-94.505007","Siji Ajayi",,"en","false","ChIJq6qmfoF7yIcRtH0B2ij2QGE","64804",,"a month ago","2026-07-09T18:49:35.668Z",,"2026-07-09T22:12:28.000Z","We’re always happy to help.  Good luck at med school.   Thanks!",,,,,"Ci9DQUlRQUNvZENodHljRjlvT25OSGJqRmFWVXRsTTJOSFNUQjFSbGxtVjFWVFduYxAB",,"Google","https://www.google.com/maps/reviews/data=!4m8!14m7!1m6!2m5!1sCi9DQUlRQUNvZENodHljRjlvT25OSGJqRmFWVXRsTTJOSFNUQjFSbGxtVjFWVFduYxAB!2m1!1s0x0:0x6140f628da017db4!3m1!1s2@1:CAIQACodChtycF9oOnNHbjFaVUtlM2NHSTB1RllmV1VTWnc%7C%7C?hl=en","113838492260885315433","2","https://lh3.googleusercontent.com/a/ACg8ocJlpISpow9qYRl0EuDxt0iS06oqWdUlahL3QjLayjBUdgKvGw=s1920-c-rp-mo-br100","https://www.google.com/maps/contrib/113838492260885315433?hl=en","116","2026-09-02T04:33:41.618Z","Direct Detail URL: https://www.google.com/maps/place/Shere's+construction+%26+handyman/@37.072572,-94.505007,17z/data=!3m1!4b1!4m6!3m5!1s0x87c87b817ea6aaab:0x6140f628da017db4!8m2!3d37.072572!4d-94.505007!16s%2Fg%2F11f4_5j3ch?entry=ttu&g_ep=EgoyMDI2MDgzMC4wIKXMDSoASAFQAw%3D%3D","5","Missouri","1705 Ohio Ave","false","Excellent service! Keaton did an awesome job helping me set up and install everything for my new apartment. He was very professional and helped me set everything up quickly. Highly recommend!",,"Shere's construction & handyman","4.5",,"https://www.google.com/maps/search/?api=1&query=Shere's%20construction%20%26%20handyman&query_place_id=ChIJq6qmfoF7yIcRtH0B2ij2QGE",
"1705 Ohio Ave, Joplin, MO 64804","3818474682365387824","Handyman/Handywoman/Handyperson","Bathroom remodeler","Construction company","Deck builder","Dry wall contractor","Fence contractor","Flooring contractor","Kitchen remodeler","Painter","Plumber","Handyman/Handywoman/Handyperson","7007871675505147316","Joplin","US","0x87c87b817ea6aaab:0x6140f628da017db4",,"https://lh3.googleusercontent.com/gps-cs-s/AHRPTWnbAvVtx6M_o7f6ghNc9UEvBATC6196-qcpGP3DevpEhzC-_yhIzVvzg4qO0xLo4LcSXLKgDjVgafr3jzHKVRN3b6sGJHtS7Ky9_51D2O5QIwh9_BjJpZORBrESqWVoCuPl3ZqpE2G7BeCo=w426-h240-k-no","false","true","/g/11f4_5j3ch","en","0","37.072572","-94.505007","Sinna Stevenson",,"en","false","ChIJq6qmfoF7yIcRtH0B2ij2QGE","64804",,"2 months ago","2026-06-03T14:02:55.697Z",,"2026-06-03T14:22:00.000Z","It’s always an honor, we’re always glad to help.  
walking in to see your washer/drier  laying sideways on the floor definitely showed you guys struggled with it tremendously,  I’m happy you reached out to us instead of risking your safety any further.   You know who you can trust for everything construction including appliance installation.   
Thanks again sinna we look forward to working with you again in the future !",,,"Great price","Service not listed","Ci9DQUlRQUNvZENodHljRjlvT2pkVGR6SlZNVEI2VEVseWFrb3paV0UxTlhoTk9YYxAB","https://lh3.googleusercontent.com/grass-cs/ACvplmPSmgKHVG9aIpiwGKghja_P61nC_IUi98azB_TuxOP8M5i25aIzFrektNYAChq3CkHYPfVMBPcg9c-Wz2sM9161Oz2j58zEp8BOIcG2IzVFWg5S7uGEXZhBJJH-2jgF36kW8tSkMIs_bIAl=k-no","Google","https://www.google.com/maps/reviews/data=!4m8!14m7!1m6!2m5!1sCi9DQUlRQUNvZENodHljRjlvT2pkVGR6SlZNVEI2VEVseWFrb3paV0UxTlhoTk9YYxAB!2m1!1s0x0:0x6140f628da017db4!3m1!1s2@1:CAIQACodChtycF9oOjdTdzJVMTB6TElyakozZWE1NXhNOXc%7C%7C?hl=en","100014282932468110685","20","https://lh3.googleusercontent.com/a-/ALV-UjWmJY8XySr4ptd4gUFUqjijpP_WCbqvh5tN1EB5tawFb6Nszu5M=s1920-c-rp-mo-ba12-br100","https://www.google.com/maps/contrib/100014282932468110685?hl=en","116","2026-09-02T04:33:41.618Z","Direct Detail URL: https://www.google.com/maps/place/Shere's+construction+%26+handyman/@37.072572,-94.505007,17z/data=!3m1!4b1!4m6!3m5!1s0x87c87b817ea6aaab:0x6140f628da017db4!8m2!3d37.072572!4d-94.505007!16s%2Fg%2F11f4_5j3ch?entry=ttu&g_ep=EgoyMDI2MDgzMC4wIKXMDSoASAFQAw%3D%3D","5","Missouri","1705 Ohio Ave","false","Service above and beyond!! We followed some bad advice and got in a bind. I didn't communicate as clearly as I thought I had, so they kind of came in blind, but they got me taken care of, even so. Professional, but relatable. If you need a service they offer, you won't get better from anyone else.",,"Shere's construction & handyman","4.5",,"https://www.google.com/maps/search/?api=1&query=Shere's%20construction%20%26%20handyman&query_place_id=ChIJq6qmfoF7yIcRtH0B2ij2QGE",
"1705 Ohio Ave, Joplin, MO 64804","3818474682365387824","Handyman/Handywoman/Handyperson","Bathroom remodeler","Construction company","Deck builder","Dry wall contractor","Fence contractor","Flooring contractor","Kitchen remodeler","Painter","Plumber","Handyman/Handywoman/Handyperson","7007871675505147316","Joplin","US","0x87c87b817ea6aaab:0x6140f628da017db4",,"https://lh3.googleusercontent.com/gps-cs-s/AHRPTWnbAvVtx6M_o7f6ghNc9UEvBATC6196-qcpGP3DevpEhzC-_yhIzVvzg4qO0xLo4LcSXLKgDjVgafr3jzHKVRN3b6sGJHtS7Ky9_51D2O5QIwh9_BjJpZORBrESqWVoCuPl3ZqpE2G7BeCo=w426-h240-k-no","false","false","/g/11f4_5j3ch","en","0","37.072572","-94.505007","Kendrick Irvin",,"en","false","ChIJq6qmfoF7yIcRtH0B2ij2QGE","64804",,"4 months ago","2026-04-22T23:14:33.849Z",,"2026-04-22T23:33:32.000Z","Thank you Kendrick  we definitely appreciate all your business.  We’re here For all your home improvements needs.  ",,,,,"Ci9DQUlRQUNvZENodHljRjlvT205cVZrMUZTa2hhZEhWME9FdDJWRzFFWTFWd2NGRRAB",,"Google","https://www.google.com/maps/reviews/data=!4m8!14m7!1m6!2m5!1sCi9DQUlRQUNvZENodHljRjlvT205cVZrMUZTa2hhZEhWME9FdDJWRzFFWTFWd2NGRRAB!2m1!1s0x0:0x6140f628da017db4!3m1!1s2@1:CAIQACodChtycF9oOm9qVk1FSkhadHV0OEt2VG1EY1VwcFE%7C%7C?hl=en","100609373593407253173","11","https://lh3.googleusercontent.com/a/ACg8ocI8ael9XaquwTYwiXD64CmZo5xlRgjtkFkKxWWPigD8z9Id6Q=s1920-c-rp-mo-br100","https://www.google.com/maps/contrib/100609373593407253173?hl=en","116","2026-09-02T04:33:41.618Z","Direct Detail URL: https://www.google.com/maps/place/Shere's+construction+%26+handyman/@37.072572,-94.505007,17z/data=!3m1!4b1!4m6!3m5!1s0x87c87b817ea6aaab:0x6140f628da017db4!8m2!3d37.072572!4d-94.505007!16s%2Fg%2F11f4_5j3ch?entry=ttu&g_ep=EgoyMDI2MDgzMC4wIKXMDSoASAFQAw%3D%3D","5","Missouri","1705 Ohio Ave","false","Great attention to detail. They a great job and know how to do a lot. Its great to not have to go through multiple contractors. I highly recommend them!",,"Shere's construction & handyman","4.5",,"https://www.google.com/maps/search/?api=1&query=Shere's%20construction%20%26%20handyman&query_place_id=ChIJq6qmfoF7yIcRtH0B2ij2QGE",
"1705 Ohio Ave, Joplin, MO 64804","3818474682365387824","Handyman/Handywoman/Handyperson","Bathroom remodeler","Construction company","Deck builder","Dry wall contractor","Fence contractor","Flooring contractor","Kitchen remodeler","Painter","Plumber","Handyman/Handywoman/Handyperson","7007871675505147316","Joplin","US","0x87c87b817ea6aaab:0x6140f628da017db4",,"https://lh3.googleusercontent.com/gps-cs-s/AHRPTWnbAvVtx6M_o7f6ghNc9UEvBATC6196-qcpGP3DevpEhzC-_yhIzVvzg4qO0xLo4LcSXLKgDjVgafr3jzHKVRN3b6sGJHtS7Ky9_51D2O5QIwh9_BjJpZORBrESqWVoCuPl3ZqpE2G7BeCo=w426-h240-k-no","false","false","/g/11f4_5j3ch","en","0","37.072572","-94.505007","Julie North",,"en","false","ChIJq6qmfoF7yIcRtH0B2ij2QGE","64804",,"6 months ago","2026-02-23T23:55:33.917Z",,"2026-02-24T00:01:56.000Z","We’re always happy to help.   
Thank you so much Julie.   We look forward to working with you again in the future!",,,,,"Ci9DQUlRQUNvZENodHljRjlvT21wc1MyeDFUbFUwU2tkNmQzcE1kSFIyWVhKelRFRRAB",,"Google","https://www.google.com/maps/reviews/data=!4m8!14m7!1m6!2m5!1sCi9DQUlRQUNvZENodHljRjlvT21wc1MyeDFUbFUwU2tkNmQzcE1kSFIyWVhKelRFRRAB!2m1!1s0x0:0x6140f628da017db4!3m1!1s2@1:CAIQACodChtycF9oOmpsS2x1TlU0Skd6d3pMdHR2YXJzTEE%7C%7C?hl=en","108989057851240593298","3","https://lh3.googleusercontent.com/a/ACg8ocKiE8zwVUvPTqKFlH8vRWyx5iKr_YbKHMEOouhije9geyb1Zw=s1920-c-rp-mo-br100","https://www.google.com/maps/contrib/108989057851240593298?hl=en","116","2026-09-02T04:33:41.618Z","Direct Detail URL: https://www.google.com/maps/place/Shere's+construction+%26+handyman/@37.072572,-94.505007,17z/data=!3m1!4b1!4m6!3m5!1s0x87c87b817ea6aaab:0x6140f628da017db4!8m2!3d37.072572!4d-94.505007!16s%2Fg%2F11f4_5j3ch?entry=ttu&g_ep=EgoyMDI2MDgzMC4wIKXMDSoASAFQAw%3D%3D","5","Missouri","1705 Ohio Ave","false","Was needing a fence put up.Sheres construction responded promptly and had new fence and separate gate put up in no time",,"Shere's construction & handyman","4.5",,"https://www.google.com/maps/search/?api=1&query=Shere's%20construction%20%26%20handyman&query_place_id=ChIJq6qmfoF7yIcRtH0B2ij2QGE",
"1705 Ohio Ave, Joplin, MO 64804","3818474682365387824","Handyman/Handywoman/Handyperson","Bathroom remodeler","Construction company","Deck builder","Dry wall contractor","Fence contractor","Flooring contractor","Kitchen remodeler","Painter","Plumber","Handyman/Handywoman/Handyperson","7007871675505147316","Joplin","US","0x87c87b817ea6aaab:0x6140f628da017db4",,"https://lh3.googleusercontent.com/gps-cs-s/AHRPTWnbAvVtx6M_o7f6ghNc9UEvBATC6196-qcpGP3DevpEhzC-_yhIzVvzg4qO0xLo4LcSXLKgDjVgafr3jzHKVRN3b6sGJHtS7Ky9_51D2O5QIwh9_BjJpZORBrESqWVoCuPl3ZqpE2G7BeCo=w426-h240-k-no","false","true","/g/11f4_5j3ch","en","0","37.072572","-94.505007","Andrew Anthony",,"en","false","ChIJq6qmfoF7yIcRtH0B2ij2QGE","64804",,"6 months ago","2026-02-23T03:29:46.191Z",,"2026-02-23T12:33:48.000Z","Thank you so very much andrew, definitely means a lot to us that after 13 years our friends,family and local community still supports us. We absolutely love what we do and are happy to help in any way possible.  ",,,"Great price","General construction","Ci9DQUlRQUNvZENodHljRjlvT2tVNVMwc3pZVVJPUkZSblpqQkROa1l6TWxadFJWRRAB",,"Google","https://www.google.com/maps/reviews/data=!4m8!14m7!1m6!2m5!1sCi9DQUlRQUNvZENodHljRjlvT2tVNVMwc3pZVVJPUkZSblpqQkROa1l6TWxadFJWRRAB!2m1!1s0x0:0x6140f628da017db4!3m1!1s2@1:CAIQACodChtycF9oOkU5S0szYURORFRnZjBDNkYzMlZtRVE%7C%7C?hl=en","106761532953915281458","27","https://lh3.googleusercontent.com/a/ACg8ocLr4NiIeNY8iielJAHvIfoHlBCuFT8adTd_BXk2rNBMVp5yCw=s1920-c-rp-mo-ba12-br100","https://www.google.com/maps/contrib/106761532953915281458?hl=en","116","2026-09-02T04:33:41.618Z","Direct Detail URL: https://www.google.com/maps/place/Shere's+construction+%26+handyman/@37.072572,-94.505007,17z/data=!3m1!4b1!4m6!3m5!1s0x87c87b817ea6aaab:0x6140f628da017db4!8m2!3d37.072572!4d-94.505007!16s%2Fg%2F11f4_5j3ch?entry=ttu&g_ep=EgoyMDI2MDgzMC4wIKXMDSoASAFQAw%3D%3D","5","Missouri","1705 Ohio Ave","false","I have known Keaton for a while now. When he says he is going to be there, he will be on time. I would highly recommend that you try them  out Shere’s construction won’t disappoint.",,"Shere's construction & handyman","4.5",,"https://www.google.com/maps/search/?api=1&query=Shere's%20construction%20%26%20handyman&query_place_id=ChIJq6qmfoF7yIcRtH0B2ij2QGE",
"1705 Ohio Ave, Joplin, MO 64804","3818474682365387824","Handyman/Handywoman/Handyperson","Bathroom remodeler","Construction company","Deck builder","Dry wall contractor","Fence contractor","Flooring contractor","Kitchen remodeler","Painter","Plumber","Handyman/Handywoman/Handyperson","7007871675505147316","Joplin","US","0x87c87b817ea6aaab:0x6140f628da017db4",,"https://lh3.googleusercontent.com/gps-cs-s/AHRPTWnbAvVtx6M_o7f6ghNc9UEvBATC6196-qcpGP3DevpEhzC-_yhIzVvzg4qO0xLo4LcSXLKgDjVgafr3jzHKVRN3b6sGJHtS7Ky9_51D2O5QIwh9_BjJpZORBrESqWVoCuPl3ZqpE2G7BeCo=w426-h240-k-no","false","true","/g/11f4_5j3ch","en","0","37.072572","-94.505007","Tracy Artym",,"en","false","ChIJq6qmfoF7yIcRtH0B2ij2QGE","64804",,"6 months ago","2026-02-23T01:17:59.853Z",,"2026-02-23T12:28:18.000Z","Thank you Tracy for the review    ",,,"Great price","Service not listed","Ci9DQUlRQUNvZENodHljRjlvT2twbFRXbE9iM0JmUjNkWGVHSTVka2hGVkZWSE5HYxAB",,"Google","https://www.google.com/maps/reviews/data=!4m8!14m7!1m6!2m5!1sCi9DQUlRQUNvZENodHljRjlvT2twbFRXbE9iM0JmUjNkWGVHSTVka2hGVkZWSE5HYxAB!2m1!1s0x0:0x6140f628da017db4!3m1!1s2@1:CAIQACodChtycF9oOkplTWlOb3BfR3dXeGI5dkhFVFVHNGc%7C%7C?hl=en","114321546549734021041","6","https://lh3.googleusercontent.com/a-/ALV-UjVLUqZWqJToG-0hs0o87rmrR8hwO2WCNdZKu98Ye_sxJH_32qg=s1920-c-rp-mo-ba12-br100","https://www.google.com/maps/contrib/114321546549734021041?hl=en","116","2026-09-02T04:33:41.618Z","Direct Detail URL: https://www.google.com/maps/place/Shere's+construction+%26+handyman/@37.072572,-94.505007,17z/data=!3m1!4b1!4m6!3m5!1s0x87c87b817ea6aaab:0x6140f628da017db4!8m2!3d37.072572!4d-94.505007!16s%2Fg%2F11f4_5j3ch?entry=ttu&g_ep=EgoyMDI2MDgzMC4wIKXMDSoASAFQAw%3D%3D","5","Missouri","1705 Ohio Ave","false","Very professional, delivers excellent work, and an avid supporter of other small businesses....yes please!!",,"Shere's construction & handyman","4.5",,"https://www.google.com/maps/search/?api=1&query=Shere's%20construction%20%26%20handyman&query_place_id=ChIJq6qmfoF7yIcRtH0B2ij2QGE",
"1705 Ohio Ave, Joplin, MO 64804","3818474682365387824","Handyman/Handywoman/Handyperson","Bathroom remodeler","Construction company","Deck builder","Dry wall contractor","Fence contractor","Flooring contractor","Kitchen remodeler","Painter","Plumber","Handyman/Handywoman/Handyperson","7007871675505147316","Joplin","US","0x87c87b817ea6aaab:0x6140f628da017db4",,"https://lh3.googleusercontent.com/gps-cs-s/AHRPTWnbAvVtx6M_o7f6ghNc9UEvBATC6196-qcpGP3DevpEhzC-_yhIzVvzg4qO0xLo4LcSXLKgDjVgafr3jzHKVRN3b6sGJHtS7Ky9_51D2O5QIwh9_BjJpZORBrESqWVoCuPl3ZqpE2G7BeCo=w426-h240-k-no","false","false","/g/11f4_5j3ch","en","0","37.072572","-94.505007","James MILLER",,"en","false","ChIJq6qmfoF7yIcRtH0B2ij2QGE","64804",,"6 months ago","2026-02-22T20:31:59.257Z",,"2026-02-22T21:15:28.000Z","Thank you james From all of us here at SCH , for the opportunity to earn all your business.  
No job is Big or small we are known to do it all! 
",,,"Great price","General construction","Ci9DQUlRQUNvZENodHljRjlvT25wUGJsbFBPRlZLV0haUVJGWmlkMnRmYlRSTWFGRRAB",,"Google","https://www.google.com/maps/reviews/data=!4m8!14m7!1m6!2m5!1sCi9DQUlRQUNvZENodHljRjlvT25wUGJsbFBPRlZLV0haUVJGWmlkMnRmYlRSTWFGRRAB!2m1!1s0x0:0x6140f628da017db4!3m1!1s2@1:CAIQACodChtycF9oOnpPbllPOFVKWHZQRFZid2tfbTRMaFE%7C%7C?hl=en","101345137523048589295","6","https://lh3.googleusercontent.com/a/ACg8ocKrAYp2fhPQG_cofz1NUR9HKYXxCm5pQQOV1yojLS8UnpOlMkw=s1920-c-rp-mo-br100","https://www.google.com/maps/contrib/101345137523048589295?hl=en","116","2026-09-02T04:33:41.618Z","Direct Detail URL: https://www.google.com/maps/place/Shere's+construction+%26+handyman/@37.072572,-94.505007,17z/data=!3m1!4b1!4m6!3m5!1s0x87c87b817ea6aaab:0x6140f628da017db4!8m2!3d37.072572!4d-94.505007!16s%2Fg%2F11f4_5j3ch?entry=ttu&g_ep=EgoyMDI2MDgzMC4wIKXMDSoASAFQAw%3D%3D","5","Missouri","1705 Ohio Ave","false","Best  around and super friendly

great communication about updates to my projects

Highly recommend.",,"Shere's construction & handyman","4.5",,"https://www.google.com/maps/search/?api=1&query=Shere's%20construction%20%26%20handyman&query_place_id=ChIJq6qmfoF7yIcRtH0B2ij2QGE",
"1705 Ohio Ave, Joplin, MO 64804","3818474682365387824","Handyman/Handywoman/Handyperson","Bathroom remodeler","Construction company","Deck builder","Dry wall contractor","Fence contractor","Flooring contractor","Kitchen remodeler","Painter","Plumber","Handyman/Handywoman/Handyperson","7007871675505147316","Joplin","US","0x87c87b817ea6aaab:0x6140f628da017db4",,"https://lh3.googleusercontent.com/gps-cs-s/AHRPTWnbAvVtx6M_o7f6ghNc9UEvBATC6196-qcpGP3DevpEhzC-_yhIzVvzg4qO0xLo4LcSXLKgDjVgafr3jzHKVRN3b6sGJHtS7Ky9_51D2O5QIwh9_BjJpZORBrESqWVoCuPl3ZqpE2G7BeCo=w426-h240-k-no","false","false","/g/11f4_5j3ch","en","0","37.072572","-94.505007","Jon Buck",,"en","false","ChIJq6qmfoF7yIcRtH0B2ij2QGE","64804",,"6 months ago","2026-02-22T18:34:36.111Z",,"2026-02-22T18:48:16.000Z","Thank you so very much Jon for all your repeat business. With everything we do,we give our all . providing the utmost customer service,precision and quality for all our clients.  Big or small you know who you can count on.  ",,,,,"Ci9DQUlRQUNvZENodHljRjlvT2xad1luVlROblo1Y25BMVlqVnZaM1ZyTkZOa1MyYxAB",,"Google","https://www.google.com/maps/reviews/data=!4m8!14m7!1m6!2m5!1sCi9DQUlRQUNvZENodHljRjlvT2xad1luVlROblo1Y25BMVlqVnZaM1ZyTkZOa1MyYxAB!2m1!1s0x0:0x6140f628da017db4!3m1!1s2@1:CAIQACodChtycF9oOlZwYnVTNnZ5cnA1YjVvZ3VrNFNkS2c%7C%7C?hl=en","109867000287133407852","1","https://lh3.googleusercontent.com/a/ACg8ocKm7DLeXqKmDvOtb2RsyqUJzIAAHC9GI6bGy5z-yqeq_VTu4A=s1920-c-rp-mo-br100","https://www.google.com/maps/contrib/109867000287133407852?hl=en","116","2026-09-02T04:33:41.618Z","Direct Detail URL: https://www.google.com/maps/place/Shere's+construction+%26+handyman/@37.072572,-94.505007,17z/data=!3m1!4b1!4m6!3m5!1s0x87c87b817ea6aaab:0x6140f628da017db4!8m2!3d37.072572!4d-94.505007!16s%2Fg%2F11f4_5j3ch?entry=ttu&g_ep=EgoyMDI2MDgzMC4wIKXMDSoASAFQAw%3D%3D","5","Missouri","1705 Ohio Ave","false","Always have done A++ work for me.",,"Shere's construction & handyman","4.5",,"https://www.google.com/maps/search/?api=1&query=Shere's%20construction%20%26%20handyman&query_place_id=ChIJq6qmfoF7yIcRtH0B2ij2QGE",
"1705 Ohio Ave, Joplin, MO 64804","3818474682365387824","Handyman/Handywoman/Handyperson","Bathroom remodeler","Construction company","Deck builder","Dry wall contractor","Fence contractor","Flooring contractor","Kitchen remodeler","Painter","Plumber","Handyman/Handywoman/Handyperson","7007871675505147316","Joplin","US","0x87c87b817ea6aaab:0x6140f628da017db4",,"https://lh3.googleusercontent.com/gps-cs-s/AHRPTWnbAvVtx6M_o7f6ghNc9UEvBATC6196-qcpGP3DevpEhzC-_yhIzVvzg4qO0xLo4LcSXLKgDjVgafr3jzHKVRN3b6sGJHtS7Ky9_51D2O5QIwh9_BjJpZORBrESqWVoCuPl3ZqpE2G7BeCo=w426-h240-k-no","false","true","/g/11f4_5j3ch","en","0","37.072572","-94.505007","Susan Heard",,"en","false","ChIJq6qmfoF7yIcRtH0B2ij2QGE","64804",,"6 months ago","2026-02-22T16:41:51.186Z",,"2026-02-22T16:54:28.000Z","We are always happy to help. Day or night. 
We have been providing top quality services here in joplin  since 2013 , thanks to valued clients like your self.  On behalf of everyone here at SCH ,Thank you so very much for all your business and support !",,,"Great price","General construction, Demolition","Ci9DQUlRQUNvZENodHljRjlvT2pCakxVOU5lalJDYkVSb1IxQk5PVW8yY1hjelFVRRAB",,"Google","https://www.google.com/maps/reviews/data=!4m8!14m7!1m6!2m5!1sCi9DQUlRQUNvZENodHljRjlvT2pCakxVOU5lalJDYkVSb1IxQk5PVW8yY1hjelFVRRAB!2m1!1s0x0:0x6140f628da017db4!3m1!1s2@1:CAIQACodChtycF9oOjBjLU9NejRCbERoR1BNOUo2cXczQUE%7C%7C?hl=en","108334314440853398053","22","https://lh3.googleusercontent.com/a-/ALV-UjU8fdnhibZaqmIjJZmBLA-BIeXFKapq89JKoXyfTFCNM--y0sT0GQ=s1920-c-rp-mo-ba12-br100","https://www.google.com/maps/contrib/108334314440853398053?hl=en","116","2026-09-02T04:33:41.618Z","Direct Detail URL: https://www.google.com/maps/place/Shere's+construction+%26+handyman/@37.072572,-94.505007,17z/data=!3m1!4b1!4m6!3m5!1s0x87c87b817ea6aaab:0x6140f628da017db4!8m2!3d37.072572!4d-94.505007!16s%2Fg%2F11f4_5j3ch?entry=ttu&g_ep=EgoyMDI2MDgzMC4wIKXMDSoASAFQAw%3D%3D","5","Missouri","1705 Ohio Ave","false","I lived next door to Keaton Shere. On two separate occasions he did last minute fixes for me: cut down a tree limb that was posing an immediate threat to my vehicle and my driveway and also helped to unblock my driveway from several feet of snow caused by snowplows. Both times his services were last minute, and the rates were quite fair considering it was after-hours. I would not recommend anyone else. He and his staff are professional, ethical, and their response time is within 24 hours. To say they have come to my rescue is an understatement. Thank you Keaton, and team, for being a reliable company for Joplin and surrounding areas to be able to come to in times of need.",,"Shere's construction & handyman","4.5",,"https://www.google.com/maps/search/?api=1&query=Shere's%20construction%20%26%20handyman&query_place_id=ChIJq6qmfoF7yIcRtH0B2ij2QGE",
"1705 Ohio Ave, Joplin, MO 64804","3818474682365387824","Handyman/Handywoman/Handyperson","Bathroom remodeler","Construction company","Deck builder","Dry wall contractor","Fence contractor","Flooring contractor","Kitchen remodeler","Painter","Plumber","Handyman/Handywoman/Handyperson","7007871675505147316","Joplin","US","0x87c87b817ea6aaab:0x6140f628da017db4",,"https://lh3.googleusercontent.com/gps-cs-s/AHRPTWnbAvVtx6M_o7f6ghNc9UEvBATC6196-qcpGP3DevpEhzC-_yhIzVvzg4qO0xLo4LcSXLKgDjVgafr3jzHKVRN3b6sGJHtS7Ky9_51D2O5QIwh9_BjJpZORBrESqWVoCuPl3ZqpE2G7BeCo=w426-h240-k-no","false","false","/g/11f4_5j3ch","en","0","37.072572","-94.505007","Fred smith",,"en","false","ChIJq6qmfoF7yIcRtH0B2ij2QGE","64804",,"6 months ago","2026-02-22T16:16:09.363Z",,"2026-02-22T16:28:08.000Z","It’s always an honor to help you and your family out.   From all of us here at SCH thank you Fred so very much for all your continued business.   ",,,,,"Ci9DQUlRQUNvZENodHljRjlvT2pSZmRYQlVUVWhrYldkbVJXWkdSV3hoWm1neVlXYxAB",,"Google","https://www.google.com/maps/reviews/data=!4m8!14m7!1m6!2m5!1sCi9DQUlRQUNvZENodHljRjlvT2pSZmRYQlVUVWhrYldkbVJXWkdSV3hoWm1neVlXYxAB!2m1!1s0x0:0x6140f628da017db4!3m1!1s2@1:CAIQACodChtycF9oOjRfdXBUTUhkbWdmRWZGRWxhZmgyYWc%7C%7C?hl=en","100452958327126908436","1","https://lh3.googleusercontent.com/a-/ALV-UjWiFLhA2vaSbU4OFHbynqt_2FfitQxOqciwoSEN_x8eBP4OLVRB=s1920-c-rp-mo-br100","https://www.google.com/maps/contrib/100452958327126908436?hl=en","116","2026-09-02T04:33:41.618Z","Direct Detail URL: https://www.google.com/maps/place/Shere's+construction+%26+handyman/@37.072572,-94.505007,17z/data=!3m1!4b1!4m6!3m5!1s0x87c87b817ea6aaab:0x6140f628da017db4!8m2!3d37.072572!4d-94.505007!16s%2Fg%2F11f4_5j3ch?entry=ttu&g_ep=EgoyMDI2MDgzMC4wIKXMDSoASAFQAw%3D%3D","5","Missouri","1705 Ohio Ave","false","Helped with some issues at my home, and was able to take care of them promptly",,"Shere's construction & handyman","4.5",,"https://www.google.com/maps/search/?api=1&query=Shere's%20construction%20%26%20handyman&query_place_id=ChIJq6qmfoF7yIcRtH0B2ij2QGE",
"1705 Ohio Ave, Joplin, MO 64804","3818474682365387824","Handyman/Handywoman/Handyperson","Bathroom remodeler","Construction company","Deck builder","Dry wall contractor","Fence contractor","Flooring contractor","Kitchen remodeler","Painter","Plumber","Handyman/Handywoman/Handyperson","7007871675505147316","Joplin","US","0x87c87b817ea6aaab:0x6140f628da017db4",,"https://lh3.googleusercontent.com/gps-cs-s/AHRPTWnbAvVtx6M_o7f6ghNc9UEvBATC6196-qcpGP3DevpEhzC-_yhIzVvzg4qO0xLo4LcSXLKgDjVgafr3jzHKVRN3b6sGJHtS7Ky9_51D2O5QIwh9_BjJpZORBrESqWVoCuPl3ZqpE2G7BeCo=w426-h240-k-no","false","true","/g/11f4_5j3ch","en","0","37.072572","-94.505007","Paul Reed",,"en","false","ChIJq6qmfoF7yIcRtH0B2ij2QGE","64804",,"6 months ago","2026-02-22T12:38:27.079Z",,"2026-02-22T14:42:32.000Z","You clearly have the wrong company, 
I have absolutely no record of you ever contacting us for estimates and we have never worked for you  in any way shape or form.  
I’d definitely like for you to contact me as the owner to discuss this (417-385-8899) instead of you trying to ruin our reputation and take food out of our family mouths I’d definitely like to discuss this matter with you to get this cleared up.  
",,,,,"Ci9DQUlRQUNvZENodHljRjlvT2pGMGQwZ3pMWGw2UkZOamNGRlRUbEJRVmxFdFNIYxAB",,"Google","https://www.google.com/maps/reviews/data=!4m8!14m7!1m6!2m5!1sCi9DQUlRQUNvZENodHljRjlvT2pGMGQwZ3pMWGw2UkZOamNGRlRUbEJRVmxFdFNIYxAB!2m1!1s0x0:0x6140f628da017db4!3m1!1s2@1:CAIQACodChtycF9oOjF0d0gzLXl6RFNjcFFTTlBQVlEtSHc%7C%7C?hl=en","112863336521132135090","57","https://lh3.googleusercontent.com/a/ACg8ocKyJLxv17h4QaYwauy2HoaelNYxC7wtG34YlBal3VG_JACjyw=s1920-c-rp-mo-ba12-br100","https://www.google.com/maps/contrib/112863336521132135090?hl=en","116","2026-09-02T04:33:41.618Z","Direct Detail URL: https://www.google.com/maps/place/Shere's+construction+%26+handyman/@37.072572,-94.505007,17z/data=!3m1!4b1!4m6!3m5!1s0x87c87b817ea6aaab:0x6140f628da017db4!8m2!3d37.072572!4d-94.505007!16s%2Fg%2F11f4_5j3ch?entry=ttu&g_ep=EgoyMDI2MDgzMC4wIKXMDSoASAFQAw%3D%3D","1","Missouri","1705 Ohio Ave","false","15k more then everyone else. Beware!",,"Shere's construction & handyman","4.5",,"https://www.google.com/maps/search/?api=1&query=Shere's%20construction%20%26%20handyman&query_place_id=ChIJq6qmfoF7yIcRtH0B2ij2QGE",
"1705 Ohio Ave, Joplin, MO 64804","3818474682365387824","Handyman/Handywoman/Handyperson","Bathroom remodeler","Construction company","Deck builder","Dry wall contractor","Fence contractor","Flooring contractor","Kitchen remodeler","Painter","Plumber","Handyman/Handywoman/Handyperson","7007871675505147316","Joplin","US","0x87c87b817ea6aaab:0x6140f628da017db4",,"https://lh3.googleusercontent.com/gps-cs-s/AHRPTWnbAvVtx6M_o7f6ghNc9UEvBATC6196-qcpGP3DevpEhzC-_yhIzVvzg4qO0xLo4LcSXLKgDjVgafr3jzHKVRN3b6sGJHtS7Ky9_51D2O5QIwh9_BjJpZORBrESqWVoCuPl3ZqpE2G7BeCo=w426-h240-k-no","false","true","/g/11f4_5j3ch","en","0","37.072572","-94.505007","denver stapleton",,"en","false","ChIJq6qmfoF7yIcRtH0B2ij2QGE","64804",,"6 months ago","2026-02-19T04:08:21.894Z",,"2026-02-19T14:18:34.000Z","We all here at SCH thank you for the opportunity to earn all your business.  
",,,"Reasonable price","Fence installation","Ci9DQUlRQUNvZENodHljRjlvT2w5WllsOVlaUzFtY25ObE1WQllaVXBXY1ZsUk1VRRAB",,"Google","https://www.google.com/maps/reviews/data=!4m8!14m7!1m6!2m5!1sCi9DQUlRQUNvZENodHljRjlvT2w5WllsOVlaUzFtY25ObE1WQllaVXBXY1ZsUk1VRRAB!2m1!1s0x0:0x6140f628da017db4!3m1!1s2@1:CAIQACodChtycF9oOl9ZYl9YZS1mcnNlMVBYZUpWcVlRMUE%7C%7C?hl=en","114616763865675856469","28","https://lh3.googleusercontent.com/a-/ALV-UjXJGihJzHcUDsy1XDkTow-sDuNcBd0hpbqaPK_y_WDjXizTvO01ow=s1920-c-rp-mo-ba12-br100","https://www.google.com/maps/contrib/114616763865675856469?hl=en","116","2026-09-02T04:33:41.618Z","Direct Detail URL: https://www.google.com/maps/place/Shere's+construction+%26+handyman/@37.072572,-94.505007,17z/data=!3m1!4b1!4m6!3m5!1s0x87c87b817ea6aaab:0x6140f628da017db4!8m2!3d37.072572!4d-94.505007!16s%2Fg%2F11f4_5j3ch?entry=ttu&g_ep=EgoyMDI2MDgzMC4wIKXMDSoASAFQAw%3D%3D","5","Missouri","1705 Ohio Ave","false","Just had some work done by this company they were Fair efficient and very friendly and knew what they were doing I will be doing more work with him in the future thanks again Keaton",,"Shere's construction & handyman","4.5",,"https://www.google.com/maps/search/?api=1&query=Shere's%20construction%20%26%20handyman&query_place_id=ChIJq6qmfoF7yIcRtH0B2ij2QGE",
"1705 Ohio Ave, Joplin, MO 64804","3818474682365387824","Handyman/Handywoman/Handyperson","Bathroom remodeler","Construction company","Deck builder","Dry wall contractor","Fence contractor","Flooring contractor","Kitchen remodeler","Painter","Plumber","Handyman/Handywoman/Handyperson","7007871675505147316","Joplin","US","0x87c87b817ea6aaab:0x6140f628da017db4",,"https://lh3.googleusercontent.com/gps-cs-s/AHRPTWnbAvVtx6M_o7f6ghNc9UEvBATC6196-qcpGP3DevpEhzC-_yhIzVvzg4qO0xLo4LcSXLKgDjVgafr3jzHKVRN3b6sGJHtS7Ky9_51D2O5QIwh9_BjJpZORBrESqWVoCuPl3ZqpE2G7BeCo=w426-h240-k-no","false","true","/g/11f4_5j3ch","en","0","37.072572","-94.505007","Rebecca Bogle",,"en","false","ChIJq6qmfoF7yIcRtH0B2ij2QGE","64804",,"7 months ago","2026-01-09T20:20:33.512Z",,"2026-01-09T23:05:55.000Z","Thank you Rebecca , we’re always happy help .
We look forward to working with you and your husband again here in the near future with your full water main water line replacement.   ",,,,"Repairs & maintenance","Ci9DQUlRQUNvZENodHljRjlvT205NlJXOVlUbXAxVjA5M2FrMVFOR3hKUmt0NVZWRRAB",,"Google","https://www.google.com/maps/reviews/data=!4m8!14m7!1m6!2m5!1sCi9DQUlRQUNvZENodHljRjlvT205NlJXOVlUbXAxVjA5M2FrMVFOR3hKUmt0NVZWRRAB!2m1!1s0x0:0x6140f628da017db4!3m1!1s2@1:CAIQACodChtycF9oOm96RW9YTmp1V093ak1QNGxJRkt5VVE%7C%7C?hl=en","105832971850199232250","21","https://lh3.googleusercontent.com/a/ACg8ocJ1Le_rlfgtaE68CxCvrK872ktySgBl4lRv6jNXZY6zvhNoJg=s1920-c-rp-mo-ba12-br100","https://www.google.com/maps/contrib/105832971850199232250?hl=en","116","2026-09-02T04:33:41.618Z","Direct Detail URL: https://www.google.com/maps/place/Shere's+construction+%26+handyman/@37.072572,-94.505007,17z/data=!3m1!4b1!4m6!3m5!1s0x87c87b817ea6aaab:0x6140f628da017db4!8m2!3d37.072572!4d-94.505007!16s%2Fg%2F11f4_5j3ch?entry=ttu&g_ep=EgoyMDI2MDgzMC4wIKXMDSoASAFQAw%3D%3D","5","Missouri","1705 Ohio Ave","false","The crew did a great job! Keaton was knowledgeable, and helped us out in a pinch.",,"Shere's construction & handyman","4.5",,"https://www.google.com/maps/search/?api=1&query=Shere's%20construction%20%26%20handyman&query_place_id=ChIJq6qmfoF7yIcRtH0B2ij2QGE",
"1705 Ohio Ave, Joplin, MO 64804","3818474682365387824","Handyman/Handywoman/Handyperson","Bathroom remodeler","Construction company","Deck builder","Dry wall contractor","Fence contractor","Flooring contractor","Kitchen remodeler","Painter","Plumber","Handyman/Handywoman/Handyperson","7007871675505147316","Joplin","US","0x87c87b817ea6aaab:0x6140f628da017db4",,"https://lh3.googleusercontent.com/gps-cs-s/AHRPTWnbAvVtx6M_o7f6ghNc9UEvBATC6196-qcpGP3DevpEhzC-_yhIzVvzg4qO0xLo4LcSXLKgDjVgafr3jzHKVRN3b6sGJHtS7Ky9_51D2O5QIwh9_BjJpZORBrESqWVoCuPl3ZqpE2G7BeCo=w426-h240-k-no","false","false","/g/11f4_5j3ch","en","0","37.072572","-94.505007","Tsvia Tate",,"en","false","ChIJq6qmfoF7yIcRtH0B2ij2QGE","64804",,"8 months ago","2025-12-16T20:30:21.221Z",,"2025-12-16T20:55:48.000Z","We treat everyone how we would want to be treated.  I personally as the owner have over 25yrs experience in construction,been in business since 2013 
and I would never lead anyone in the wrong direction in any way. Everyone deserves honesty,dignity and respect. 
We all here at SCH thank you so very much for the opportunity to earn all your business.   We look forward to working with you again in the future  ",,,,,"Ci9DQUlRQUNvZENodHljRjlvT21oYVgyeFJaMFZqYUhVd1pVdHlhbkphVDBOQlkxRRAB",,"Google","https://www.google.com/maps/reviews/data=!4m8!14m7!1m6!2m5!1sCi9DQUlRQUNvZENodHljRjlvT21oYVgyeFJaMFZqYUhVd1pVdHlhbkphVDBOQlkxRRAB!2m1!1s0x0:0x6140f628da017db4!3m1!1s2@1:CAIQACodChtycF9oOmhaX2xRZ0VjaHUwZUtyanJaT0NBY1E%7C%7C?hl=en","106868667969620682732","2","https://lh3.googleusercontent.com/a/ACg8ocJ4NyBiCoJKz8L1cXAbbU_-Bp_E-tjf2X0Pb_x71NNNKsFUBFDp=s1920-c-rp-mo-br100","https://www.google.com/maps/contrib/106868667969620682732?hl=en","116","2026-09-02T04:33:41.618Z","Direct Detail URL: https://www.google.com/maps/place/Shere's+construction+%26+handyman/@37.072572,-94.505007,17z/data=!3m1!4b1!4m6!3m5!1s0x87c87b817ea6aaab:0x6140f628da017db4!8m2!3d37.072572!4d-94.505007!16s%2Fg%2F11f4_5j3ch?entry=ttu&g_ep=EgoyMDI2MDgzMC4wIKXMDSoASAFQAw%3D%3D","5","Missouri","1705 Ohio Ave","false","I've had Keaton from Shere's out at my house a few times now. Just speaking with him about repairs has been great because you can tell how honest he is with the way he speaks and the knowledge he has. I have nothing but great things to say about the company. The type of quality and care you really want when you need a home repair!",,"Shere's construction & handyman","4.5",,"https://www.google.com/maps/search/?api=1&query=Shere's%20construction%20%26%20handyman&query_place_id=ChIJq6qmfoF7yIcRtH0B2ij2QGE",
"1705 Ohio Ave, Joplin, MO 64804","3818474682365387824","Handyman/Handywoman/Handyperson","Bathroom remodeler","Construction company","Deck builder","Dry wall contractor","Fence contractor","Flooring contractor","Kitchen remodeler","Painter","Plumber","Handyman/Handywoman/Handyperson","7007871675505147316","Joplin","US","0x87c87b817ea6aaab:0x6140f628da017db4",,"https://lh3.googleusercontent.com/gps-cs-s/AHRPTWnbAvVtx6M_o7f6ghNc9UEvBATC6196-qcpGP3DevpEhzC-_yhIzVvzg4qO0xLo4LcSXLKgDjVgafr3jzHKVRN3b6sGJHtS7Ky9_51D2O5QIwh9_BjJpZORBrESqWVoCuPl3ZqpE2G7BeCo=w426-h240-k-no","false","false","/g/11f4_5j3ch","en","0","37.072572","-94.505007","Brenda Ogle-Smith",,,"false","ChIJq6qmfoF7yIcRtH0B2ij2QGE","64804",,"9 months ago","2025-11-20T14:15:45.988Z",,"2025-11-20T15:38:53.000Z","Thank you Brenda for trusting us to do your home repairs. If you ever need anything else repaired or remodeled just let us no.  ",,,"Great price","General construction","Ci9DQUlRQUNvZENodHljRjlvT2taVlRsUjZRMlZQTmtzellrMUZPV3BNUldsUFRWRRAB",,"Google","https://www.google.com/maps/reviews/data=!4m8!14m7!1m6!2m5!1sCi9DQUlRQUNvZENodHljRjlvT2taVlRsUjZRMlZQTmtzellrMUZPV3BNUldsUFRWRRAB!2m1!1s0x0:0x6140f628da017db4!3m1!1s2@1:CAIQACodChtycF9oOkZVTlR6Q2VPNkszYk1FOWpMRWlPTVE%7C%7C?hl=en","114214685472751604644","0","https://lh3.googleusercontent.com/a-/ALV-UjUyUgWfOCCc3yUIzfBd_0wvNA9h9ZGr1v6uWe87UPoYuTcSYv80=s1920-c-rp-mo-br100","https://www.google.com/maps/contrib/114214685472751604644?hl=en","116","2026-09-02T04:33:41.618Z","Direct Detail URL: https://www.google.com/maps/place/Shere's+construction+%26+handyman/@37.072572,-94.505007,17z/data=!3m1!4b1!4m6!3m5!1s0x87c87b817ea6aaab:0x6140f628da017db4!8m2!3d37.072572!4d-94.505007!16s%2Fg%2F11f4_5j3ch?entry=ttu&g_ep=EgoyMDI2MDgzMC4wIKXMDSoASAFQAw%3D%3D","5","Missouri","1705 Ohio Ave","false",,,"Shere's construction & handyman","4.5",,"https://www.google.com/maps/search/?api=1&query=Shere's%20construction%20%26%20handyman&query_place_id=ChIJq6qmfoF7yIcRtH0B2ij2QGE",
"1705 Ohio Ave, Joplin, MO 64804","3818474682365387824","Handyman/Handywoman/Handyperson","Bathroom remodeler","Construction company","Deck builder","Dry wall contractor","Fence contractor","Flooring contractor","Kitchen remodeler","Painter","Plumber","Handyman/Handywoman/Handyperson","7007871675505147316","Joplin","US","0x87c87b817ea6aaab:0x6140f628da017db4",,"https://lh3.googleusercontent.com/gps-cs-s/AHRPTWnbAvVtx6M_o7f6ghNc9UEvBATC6196-qcpGP3DevpEhzC-_yhIzVvzg4qO0xLo4LcSXLKgDjVgafr3jzHKVRN3b6sGJHtS7Ky9_51D2O5QIwh9_BjJpZORBrESqWVoCuPl3ZqpE2G7BeCo=w426-h240-k-no","false","false","/g/11f4_5j3ch","en","0","37.072572","-94.505007","Beth",,"en","false","ChIJq6qmfoF7yIcRtH0B2ij2QGE","64804",,"Edited 9 months ago","2025-11-19T23:22:29.198Z",,"2025-11-19T23:44:45.000Z","Thank you Beth for trusting us here at SCH to work on your beautiful home.  
We bring a wealth of experience to every project,  perfecting our skills in every way  through out the years. 
We would rather walk away from a job than hinder the project by “cutting corners”.     We stand on our quality! 
Thanks again Beth we look forward to working/maintaining your home for many many more years to come. ",,,"Reasonable price",,"ChdDSUhNMG9nS0VJQ0FnSUNieFBpLS13RRAB",,"Google","https://www.google.com/maps/reviews/data=!4m8!14m7!1m6!2m5!1sChdDSUhNMG9nS0VJQ0FnSUNieFBpLS13RRAB!2m1!1s0x0:0x6140f628da017db4!3m1!1s2@1:CIHM0ogKEICAgICbxPi--wE%7C%7C?hl=en","104514942139518845637","1","https://lh3.googleusercontent.com/a/ACg8ocLmqFoH4eH35jzYJcnHLgt9nAaI9mC_roavPyymgGTDqHKZjw=s1920-c-rp-mo-br100","https://www.google.com/maps/contrib/104514942139518845637?hl=en","116","2026-09-02T04:33:41.618Z","Direct Detail URL: https://www.google.com/maps/place/Shere's+construction+%26+handyman/@37.072572,-94.505007,17z/data=!3m1!4b1!4m6!3m5!1s0x87c87b817ea6aaab:0x6140f628da017db4!8m2!3d37.072572!4d-94.505007!16s%2Fg%2F11f4_5j3ch?entry=ttu&g_ep=EgoyMDI2MDgzMC4wIKXMDSoASAFQAw%3D%3D","5","Missouri","1705 Ohio Ave","false","They showed up on time. they got the job done and it was exactly how i wanted it. Done by a very skilled and professional team(no cut corners). Highly recommend !!",,"Shere's construction & handyman","4.5",,"https://www.google.com/maps/search/?api=1&query=Shere's%20construction%20%26%20handyman&query_place_id=ChIJq6qmfoF7yIcRtH0B2ij2QGE",
"1705 Ohio Ave, Joplin, MO 64804","3818474682365387824","Handyman/Handywoman/Handyperson","Bathroom remodeler","Construction company","Deck builder","Dry wall contractor","Fence contractor","Flooring contractor","Kitchen remodeler","Painter","Plumber","Handyman/Handywoman/Handyperson","7007871675505147316","Joplin","US","0x87c87b817ea6aaab:0x6140f628da017db4",,"https://lh3.googleusercontent.com/gps-cs-s/AHRPTWnbAvVtx6M_o7f6ghNc9UEvBATC6196-qcpGP3DevpEhzC-_yhIzVvzg4qO0xLo4LcSXLKgDjVgafr3jzHKVRN3b6sGJHtS7Ky9_51D2O5QIwh9_BjJpZORBrESqWVoCuPl3ZqpE2G7BeCo=w426-h240-k-no","false","true","/g/11f4_5j3ch","en","0","37.072572","-94.505007","Army Dr",,,"false","ChIJq6qmfoF7yIcRtH0B2ij2QGE","64804",,"9 months ago","2025-11-19T20:22:14.930Z",,"2025-11-19T22:42:08.000Z","I have absolutely no records of us ever receiving any calls or text from you and we definitely have never worked for you in any way shape or form.  ",,,"Overpriced","General construction, Plumbing leak detection, Home maintenance & repairs","Ci9DQUlRQUNvZENodHljRjlvT2psQ2FsRlRZak13T0hGNWVsVTJiVFI2VmpscmNuYxAB",,"Google","https://www.google.com/maps/reviews/data=!4m8!14m7!1m6!2m5!1sCi9DQUlRQUNvZENodHljRjlvT2psQ2FsRlRZak13T0hGNWVsVTJiVFI2VmpscmNuYxAB!2m1!1s0x0:0x6140f628da017db4!3m1!1s2@1:CAIQACodChtycF9oOjlCalFTYjMwOHF5elU2bTR6Vjlrcnc%7C%7C?hl=en","111045124340844507841","45","https://lh3.googleusercontent.com/a-/ALV-UjVPKqkmEfJxMfskuiAJVNYKokBRdHLbn_uyNiQ57brXW5IPCKwRXw=s1920-c-rp-mo-ba12-br100","https://www.google.com/maps/contrib/111045124340844507841?hl=en","116","2026-09-02T04:33:41.618Z","Direct Detail URL: https://www.google.com/maps/place/Shere's+construction+%26+handyman/@37.072572,-94.505007,17z/data=!3m1!4b1!4m6!3m5!1s0x87c87b817ea6aaab:0x6140f628da017db4!8m2!3d37.072572!4d-94.505007!16s%2Fg%2F11f4_5j3ch?entry=ttu&g_ep=EgoyMDI2MDgzMC4wIKXMDSoASAFQAw%3D%3D","1","Missouri","1705 Ohio Ave","false",,,"Shere's construction & handyman","4.5",,"https://www.google.com/maps/search/?api=1&query=Shere's%20construction%20%26%20handyman&query_place_id=ChIJq6qmfoF7yIcRtH0B2ij2QGE",
"1705 Ohio Ave, Joplin, MO 64804","3818474682365387824","Handyman/Handywoman/Handyperson","Bathroom remodeler","Construction company","Deck builder","Dry wall contractor","Fence contractor","Flooring contractor","Kitchen remodeler","Painter","Plumber","Handyman/Handywoman/Handyperson","7007871675505147316","Joplin","US","0x87c87b817ea6aaab:0x6140f628da017db4",,"https://lh3.googleusercontent.com/gps-cs-s/AHRPTWnbAvVtx6M_o7f6ghNc9UEvBATC6196-qcpGP3DevpEhzC-_yhIzVvzg4qO0xLo4LcSXLKgDjVgafr3jzHKVRN3b6sGJHtS7Ky9_51D2O5QIwh9_BjJpZORBrESqWVoCuPl3ZqpE2G7BeCo=w426-h240-k-no","false","false","/g/11f4_5j3ch","en","0","37.072572","-94.505007","kimberly davis",,"en","false","ChIJq6qmfoF7yIcRtH0B2ij2QGE","64804",,"10 months ago","2025-10-20T19:05:02.524Z",,"2025-10-20T21:36:34.000Z","Thank you Kim for trusting us here at SCH to do all your home repairs. 
We’re happy to work with Helitech on your foundation repairs.  😎     ",,,"Reasonable price","Concrete patio floor installation, General construction","Ci9DQUlRQUNvZENodHljRjlvT2s1NlJteG9TSGQzTVVkbVZGY3pja1UxVGswNVVsRRAB",,"Google","https://www.google.com/maps/reviews/data=!4m8!14m7!1m6!2m5!1sCi9DQUlRQUNvZENodHljRjlvT2s1NlJteG9TSGQzTVVkbVZGY3pja1UxVGswNVVsRRAB!2m1!1s0x0:0x6140f628da017db4!3m1!1s2@1:CAIQACodChtycF9oOk56RmxoSHd3MUdmVFczckU1Tk05UlE%7C%7C?hl=en","101796485147296157394","8","https://lh3.googleusercontent.com/a-/ALV-UjV4gYDMqyvGAmnyjEHD8F8eOJnTmiuLf8Lr3w_WJGTgF_6GZhg=s1920-c-rp-mo-br100","https://www.google.com/maps/contrib/101796485147296157394?hl=en","116","2026-09-02T04:33:41.618Z","Direct Detail URL: https://www.google.com/maps/place/Shere's+construction+%26+handyman/@37.072572,-94.505007,17z/data=!3m1!4b1!4m6!3m5!1s0x87c87b817ea6aaab:0x6140f628da017db4!8m2!3d37.072572!4d-94.505007!16s%2Fg%2F11f4_5j3ch?entry=ttu&g_ep=EgoyMDI2MDgzMC4wIKXMDSoASAFQAw%3D%3D","5","Missouri","1705 Ohio Ave","false","Timely, cleaned up after self, courteous .
Explained all work .
Willing to work around others time frames .
This work was exterior and appreciated the accommodation due to distance .
Would recommend .",,"Shere's construction & handyman","4.5",,"https://www.google.com/maps/search/?api=1&query=Shere's%20construction%20%26%20handyman&query_place_id=ChIJq6qmfoF7yIcRtH0B2ij2QGE",
"1705 Ohio Ave, Joplin, MO 64804","3818474682365387824","Handyman/Handywoman/Handyperson","Bathroom remodeler","Construction company","Deck builder","Dry wall contractor","Fence contractor","Flooring contractor","Kitchen remodeler","Painter","Plumber","Handyman/Handywoman/Handyperson","7007871675505147316","Joplin","US","0x87c87b817ea6aaab:0x6140f628da017db4",,"https://lh3.googleusercontent.com/gps-cs-s/AHRPTWnbAvVtx6M_o7f6ghNc9UEvBATC6196-qcpGP3DevpEhzC-_yhIzVvzg4qO0xLo4LcSXLKgDjVgafr3jzHKVRN3b6sGJHtS7Ky9_51D2O5QIwh9_BjJpZORBrESqWVoCuPl3ZqpE2G7BeCo=w426-h240-k-no","false","false","/g/11f4_5j3ch","en","0","37.072572","-94.505007","Jane Isenmann",,"en","false","ChIJq6qmfoF7yIcRtH0B2ij2QGE","64804",,"10 months ago","2025-10-16T18:19:54.032Z",,"2025-10-16T20:37:30.000Z","Thank you Jane for trusting us here at SCH to do all your home repairs. 
It’s truly an honor to get the opportunity to work on your beautiful home.  ",,,,,"Ci9DQUlRQUNvZENodHljRjlvT2w5d1RHbEVSbGhMUlUxMlpWWkZlV3gzTkZsdFVXYxAB",,"Google","https://www.google.com/maps/reviews/data=!4m8!14m7!1m6!2m5!1sCi9DQUlRQUNvZENodHljRjlvT2w5d1RHbEVSbGhMUlUxMlpWWkZlV3gzTkZsdFVXYxAB!2m1!1s0x0:0x6140f628da017db4!3m1!1s2@1:CAIQACodChtycF9oOl9wTGlERlhLRU12ZVZFeWx3NFltUWc%7C%7C?hl=en","105046690959175001240","1","https://lh3.googleusercontent.com/a/ACg8ocLioIgWpfUD78GFN2rmXCTjRMKBVxhjwN2KiTFnDcW2sIQGQw=s1920-c-rp-mo-br100","https://www.google.com/maps/contrib/105046690959175001240?hl=en","116","2026-09-02T04:33:41.618Z","Direct Detail URL: https://www.google.com/maps/place/Shere's+construction+%26+handyman/@37.072572,-94.505007,17z/data=!3m1!4b1!4m6!3m5!1s0x87c87b817ea6aaab:0x6140f628da017db4!8m2!3d37.072572!4d-94.505007!16s%2Fg%2F11f4_5j3ch?entry=ttu&g_ep=EgoyMDI2MDgzMC4wIKXMDSoASAFQAw%3D%3D","5","Missouri","1705 Ohio Ave","false","Very pleased with response time and details of the job needed to improve our home.  Owner is nice and knowledgeable.  Would definitely recommend this company for improvements needed.",,"Shere's construction & handyman","4.5",,"https://www.google.com/maps/search/?api=1&query=Shere's%20construction%20%26%20handyman&query_place_id=ChIJq6qmfoF7yIcRtH0B2ij2QGE",
"1705 Ohio Ave, Joplin, MO 64804","3818474682365387824","Handyman/Handywoman/Handyperson","Bathroom remodeler","Construction company","Deck builder","Dry wall contractor","Fence contractor","Flooring contractor","Kitchen remodeler","Painter","Plumber","Handyman/Handywoman/Handyperson","7007871675505147316","Joplin","US","0x87c87b817ea6aaab:0x6140f628da017db4",,"https://lh3.googleusercontent.com/gps-cs-s/AHRPTWnbAvVtx6M_o7f6ghNc9UEvBATC6196-qcpGP3DevpEhzC-_yhIzVvzg4qO0xLo4LcSXLKgDjVgafr3jzHKVRN3b6sGJHtS7Ky9_51D2O5QIwh9_BjJpZORBrESqWVoCuPl3ZqpE2G7BeCo=w426-h240-k-no","false","false","/g/11f4_5j3ch","en","0","37.072572","-94.505007","Elizabeth Ritchey",,"en","false","ChIJq6qmfoF7yIcRtH0B2ij2QGE","64804",,"10 months ago","2025-10-03T20:51:34.023Z",,"2025-10-03T21:22:53.000Z","Thank you so very much for your kind words.  We strive to be nothing but the absolute best at everything we do. 
We are always ready to help in any possible way we can.  Day or night you know who to count on to do the job right the first time ,every time!",,,,,"Ci9DQUlRQUNvZENodHljRjlvT21GUlZHVjJZM05WY1RGVU5rUlhSekJWYURkZmMwRRAB",,"Google","https://www.google.com/maps/reviews/data=!4m8!14m7!1m6!2m5!1sCi9DQUlRQUNvZENodHljRjlvT21GUlZHVjJZM05WY1RGVU5rUlhSekJWYURkZmMwRRAB!2m1!1s0x0:0x6140f628da017db4!3m1!1s2@1:CAIQACodChtycF9oOmFRVGV2Y3NVcTFUNkRXRzBVaDdfc0E%7C%7C?hl=en","104658061208047609739","2","https://lh3.googleusercontent.com/a-/ALV-UjVFIAKIn_xJXz6UJKz7n3Uz02uvzmm9flvAuVB_riIx1Hd4gbBUjg=s1920-c-rp-mo-br100","https://www.google.com/maps/contrib/104658061208047609739?hl=en","116","2026-09-02T04:33:41.618Z","Direct Detail URL: https://www.google.com/maps/place/Shere's+construction+%26+handyman/@37.072572,-94.505007,17z/data=!3m1!4b1!4m6!3m5!1s0x87c87b817ea6aaab:0x6140f628da017db4!8m2!3d37.072572!4d-94.505007!16s%2Fg%2F11f4_5j3ch?entry=ttu&g_ep=EgoyMDI2MDgzMC4wIKXMDSoASAFQAw%3D%3D","5","Missouri","1705 Ohio Ave","false","Shere's Construction & Handyman are very hard working, respectful and extremely helpful. I will 100% recommend them to everyone I know!
Thank you, Keaton and Kenneth both so much! 🖤🖤",,"Shere's construction & handyman","4.5",,"https://www.google.com/maps/search/?api=1&query=Shere's%20construction%20%26%20handyman&query_place_id=ChIJq6qmfoF7yIcRtH0B2ij2QGE",
"1705 Ohio Ave, Joplin, MO 64804","3818474682365387824","Handyman/Handywoman/Handyperson","Bathroom remodeler","Construction company","Deck builder","Dry wall contractor","Fence contractor","Flooring contractor","Kitchen remodeler","Painter","Plumber","Handyman/Handywoman/Handyperson","7007871675505147316","Joplin","US","0x87c87b817ea6aaab:0x6140f628da017db4",,"https://lh3.googleusercontent.com/gps-cs-s/AHRPTWnbAvVtx6M_o7f6ghNc9UEvBATC6196-qcpGP3DevpEhzC-_yhIzVvzg4qO0xLo4LcSXLKgDjVgafr3jzHKVRN3b6sGJHtS7Ky9_51D2O5QIwh9_BjJpZORBrESqWVoCuPl3ZqpE2G7BeCo=w426-h240-k-no","false","false","/g/11f4_5j3ch","en","0","37.072572","-94.505007","Oba Putrefy",,"en","false","ChIJq6qmfoF7yIcRtH0B2ij2QGE","64804",,"10 months ago","2025-10-03T16:24:17.556Z",,"2025-10-03T20:30:41.000Z","Thank you for choosing us here at SCH, I’m glad we were available to help. From now on you no who to call to get it done right the first time every time.   
",,,,"Service not listed","Ci9DQUlRQUNvZENodHljRjlvT2twalJWcEdZblJZVmtsZlIwbDFaMWt6WTI1RE1YYxAB",,"Google","https://www.google.com/maps/reviews/data=!4m8!14m7!1m6!2m5!1sCi9DQUlRQUNvZENodHljRjlvT2twalJWcEdZblJZVmtsZlIwbDFaMWt6WTI1RE1YYxAB!2m1!1s0x0:0x6140f628da017db4!3m1!1s2@1:CAIQACodChtycF9oOkpjRVpGYnRYVklfR0l1Z1kzY25DMXc%7C%7C?hl=en","114387306625130396321","8","https://lh3.googleusercontent.com/a/ACg8ocJWDWjnOzHaUXzRBT1A8Uqg3slXxF6qb0JBXXZeltz5OKNGdQ=s1920-c-rp-mo-br100","https://www.google.com/maps/contrib/114387306625130396321?hl=en","116","2026-09-02T04:33:41.618Z","Direct Detail URL: https://www.google.com/maps/place/Shere's+construction+%26+handyman/@37.072572,-94.505007,17z/data=!3m1!4b1!4m6!3m5!1s0x87c87b817ea6aaab:0x6140f628da017db4!8m2!3d37.072572!4d-94.505007!16s%2Fg%2F11f4_5j3ch?entry=ttu&g_ep=EgoyMDI2MDgzMC4wIKXMDSoASAFQAw%3D%3D","5","Missouri","1705 Ohio Ave","false","Shere's came in and reinstalled an new exterior door from a previous handyman that damaged and not installed correctly. Good job!",,"Shere's construction & handyman","4.5",,"https://www.google.com/maps/search/?api=1&query=Shere's%20construction%20%26%20handyman&query_place_id=ChIJq6qmfoF7yIcRtH0B2ij2QGE",
"1705 Ohio Ave, Joplin, MO 64804","3818474682365387824","Handyman/Handywoman/Handyperson","Bathroom remodeler","Construction company","Deck builder","Dry wall contractor","Fence contractor","Flooring contractor","Kitchen remodeler","Painter","Plumber","Handyman/Handywoman/Handyperson","7007871675505147316","Joplin","US","0x87c87b817ea6aaab:0x6140f628da017db4",,"https://lh3.googleusercontent.com/gps-cs-s/AHRPTWnbAvVtx6M_o7f6ghNc9UEvBATC6196-qcpGP3DevpEhzC-_yhIzVvzg4qO0xLo4LcSXLKgDjVgafr3jzHKVRN3b6sGJHtS7Ky9_51D2O5QIwh9_BjJpZORBrESqWVoCuPl3ZqpE2G7BeCo=w426-h240-k-no","false","false","/g/11f4_5j3ch","en","0","37.072572","-94.505007","Colleen Butkovich",,"en","false","ChIJq6qmfoF7yIcRtH0B2ij2QGE","64804",,"11 months ago","2025-09-29T20:38:55.181Z",,"2025-09-30T02:33:43.000Z","Thank you Colleen for trusting us to complete this project for you all.   We definitely look forward to working with you all in the future.   ",,,,"General construction","Ci9DQUlRQUNvZENodHljRjlvT2sxTWFXcHZaRmxvUWtGTFdGTlBabFptU1RWV1dGRRAB",,"Google","https://www.google.com/maps/reviews/data=!4m8!14m7!1m6!2m5!1sCi9DQUlRQUNvZENodHljRjlvT2sxTWFXcHZaRmxvUWtGTFdGTlBabFptU1RWV1dGRRAB!2m1!1s0x0:0x6140f628da017db4!3m1!1s2@1:CAIQACodChtycF9oOk1MaWpvZFloQkFLWFNPZlZmSTVWWFE%7C%7C?hl=en","107131480439154934523","1","https://lh3.googleusercontent.com/a/ACg8ocI5R5wNNzoWowCZyfRSTRjABVLtPy8vlJw3qVnHOR-CsrvFew=s1920-c-rp-mo-br100","https://www.google.com/maps/contrib/107131480439154934523?hl=en","116","2026-09-02T04:33:41.618Z","Direct Detail URL: https://www.google.com/maps/place/Shere's+construction+%26+handyman/@37.072572,-94.505007,17z/data=!3m1!4b1!4m6!3m5!1s0x87c87b817ea6aaab:0x6140f628da017db4!8m2!3d37.072572!4d-94.505007!16s%2Fg%2F11f4_5j3ch?entry=ttu&g_ep=EgoyMDI2MDgzMC4wIKXMDSoASAFQAw%3D%3D","5","Missouri","1705 Ohio Ave","false","Keaton installed a vent for a dryer in my grandson's house in Joplin.  He did a good job with the installation which was in a 90 year old house.  He dealt with problems he found in the house very effectively.  He was a good communicator.
He was very thorough and completed the work on time.",,"Shere's construction & handyman","4.5",,"https://www.google.com/maps/search/?api=1&query=Shere's%20construction%20%26%20handyman&query_place_id=ChIJq6qmfoF7yIcRtH0B2ij2QGE",
"1705 Ohio Ave, Joplin, MO 64804","3818474682365387824","Handyman/Handywoman/Handyperson","Bathroom remodeler","Construction company","Deck builder","Dry wall contractor","Fence contractor","Flooring contractor","Kitchen remodeler","Painter","Plumber","Handyman/Handywoman/Handyperson","7007871675505147316","Joplin","US","0x87c87b817ea6aaab:0x6140f628da017db4",,"https://lh3.googleusercontent.com/gps-cs-s/AHRPTWnbAvVtx6M_o7f6ghNc9UEvBATC6196-qcpGP3DevpEhzC-_yhIzVvzg4qO0xLo4LcSXLKgDjVgafr3jzHKVRN3b6sGJHtS7Ky9_51D2O5QIwh9_BjJpZORBrESqWVoCuPl3ZqpE2G7BeCo=w426-h240-k-no","false","false","/g/11f4_5j3ch","en","0","37.072572","-94.505007","Sarah Savage",,"en","false","ChIJq6qmfoF7yIcRtH0B2ij2QGE","64804",,"11 months ago","2025-09-24T13:16:27.063Z",,"2025-09-24T18:09:47.000Z","Thank you Sarah , Glad we could help.  Anytime day or night you no you can count on us ! 
We look forward to working with you more in the future.   ",,,"Reasonable price","General construction","Ci9DQUlRQUNvZENodHljRjlvT25CT2RqWnNMVkZqYmpKV2JFUXlObTlCUkU5SVZVRRAB",,"Google","https://www.google.com/maps/reviews/data=!4m8!14m7!1m6!2m5!1sCi9DQUlRQUNvZENodHljRjlvT25CT2RqWnNMVkZqYmpKV2JFUXlObTlCUkU5SVZVRRAB!2m1!1s0x0:0x6140f628da017db4!3m1!1s2@1:CAIQACodChtycF9oOnBOdjZsLVFjbjJWbEQyNm9BRE9IVUE%7C%7C?hl=en","118012339299488051161","6","https://lh3.googleusercontent.com/a-/ALV-UjV-yPdDDC8AOrbQvNVNrwpdkwn80lRQ5In1gOAPh0HGql8gGy2Tqw=s1920-c-rp-mo-br100","https://www.google.com/maps/contrib/118012339299488051161?hl=en","116","2026-09-02T04:33:41.618Z","Direct Detail URL: https://www.google.com/maps/place/Shere's+construction+%26+handyman/@37.072572,-94.505007,17z/data=!3m1!4b1!4m6!3m5!1s0x87c87b817ea6aaab:0x6140f628da017db4!8m2!3d37.072572!4d-94.505007!16s%2Fg%2F11f4_5j3ch?entry=ttu&g_ep=EgoyMDI2MDgzMC4wIKXMDSoASAFQAw%3D%3D","5","Missouri","1705 Ohio Ave","false","These guys were great!  I was in a bind that was very time sensitive and they jumped right in to help me get the work done.  They did this in a timely manner and also did an amazing job along with it being done correctly!  They also did a great job paying attention to details!  Thank you!  I highly recommend!",,"Shere's construction & handyman","4.5",,"https://www.google.com/maps/search/?api=1&query=Shere's%20construction%20%26%20handyman&query_place_id=ChIJq6qmfoF7yIcRtH0B2ij2QGE",
"1705 Ohio Ave, Joplin, MO 64804","3818474682365387824","Handyman/Handywoman/Handyperson","Bathroom remodeler","Construction company","Deck builder","Dry wall contractor","Fence contractor","Flooring contractor","Kitchen remodeler","Painter","Plumber","Handyman/Handywoman/Handyperson","7007871675505147316","Joplin","US","0x87c87b817ea6aaab:0x6140f628da017db4",,"https://lh3.googleusercontent.com/gps-cs-s/AHRPTWnbAvVtx6M_o7f6ghNc9UEvBATC6196-qcpGP3DevpEhzC-_yhIzVvzg4qO0xLo4LcSXLKgDjVgafr3jzHKVRN3b6sGJHtS7Ky9_51D2O5QIwh9_BjJpZORBrESqWVoCuPl3ZqpE2G7BeCo=w426-h240-k-no","false","false","/g/11f4_5j3ch","en","0","37.072572","-94.505007","Heather Baine",,"en","false","ChIJq6qmfoF7yIcRtH0B2ij2QGE","64804",,"a year ago","2025-08-16T14:50:44.542Z",,"2025-08-16T18:01:26.000Z","Thank you heather were always happy to help any way we can.  Now you can Enjoy your newly hung cabinetry for many years to come.  ",,,,,"Ci9DQUlRQUNvZENodHljRjlvT2s1dlpWTkhhMk0yZG5wbVl6VTJaekpYYmpKdU5IYxAB",,"Google","https://www.google.com/maps/reviews/data=!4m8!14m7!1m6!2m5!1sCi9DQUlRQUNvZENodHljRjlvT2s1dlpWTkhhMk0yZG5wbVl6VTJaekpYYmpKdU5IYxAB!2m1!1s0x0:0x6140f628da017db4!3m1!1s2@1:CAIQACodChtycF9oOk5vZVNHa2M2dnpmYzU2ZzJXbjJuNHc%7C%7C?hl=en","114287405169549216687","1","https://lh3.googleusercontent.com/a/ACg8ocI0-BaaMJcPNi_Z9v2pNJvq2aUaAzQ8KIyc62D8wfq0kCoEEA=s1920-c-rp-mo-br100","https://www.google.com/maps/contrib/114287405169549216687?hl=en","116","2026-09-02T04:33:41.618Z","Direct Detail URL: https://www.google.com/maps/place/Shere's+construction+%26+handyman/@37.072572,-94.505007,17z/data=!3m1!4b1!4m6!3m5!1s0x87c87b817ea6aaab:0x6140f628da017db4!8m2!3d37.072572!4d-94.505007!16s%2Fg%2F11f4_5j3ch?entry=ttu&g_ep=EgoyMDI2MDgzMC4wIKXMDSoASAFQAw%3D%3D","5","Missouri","1705 Ohio Ave","false","Did a great job! They were friendly, thorough, and efficient. Would definitely recommend.",,"Shere's construction & handyman","4.5",,"https://www.google.com/maps/search/?api=1&query=Shere's%20construction%20%26%20handyman&query_place_id=ChIJq6qmfoF7yIcRtH0B2ij2QGE",
"1705 Ohio Ave, Joplin, MO 64804","3818474682365387824","Handyman/Handywoman/Handyperson","Bathroom remodeler","Construction company","Deck builder","Dry wall contractor","Fence contractor","Flooring contractor","Kitchen remodeler","Painter","Plumber","Handyman/Handywoman/Handyperson","7007871675505147316","Joplin","US","0x87c87b817ea6aaab:0x6140f628da017db4",,"https://lh3.googleusercontent.com/gps-cs-s/AHRPTWnbAvVtx6M_o7f6ghNc9UEvBATC6196-qcpGP3DevpEhzC-_yhIzVvzg4qO0xLo4LcSXLKgDjVgafr3jzHKVRN3b6sGJHtS7Ky9_51D2O5QIwh9_BjJpZORBrESqWVoCuPl3ZqpE2G7BeCo=w426-h240-k-no","false","true","/g/11f4_5j3ch","en","0","37.072572","-94.505007","Lisa Selby",,"en","false","ChIJq6qmfoF7yIcRtH0B2ij2QGE","64804",,"a year ago","2025-08-04T17:07:31.894Z",,"2025-08-04T17:14:24.000Z","We’re always happy to help. 
Thank you Lisa for choosing us for your home repairs and maintenance needs.  ",,,,,"Ci9DQUlRQUNvZENodHljRjlvT21KSmIxWnNUWE13UVVSWFZFUkpibU51TTI1b1ZYYxAB",,"Google","https://www.google.com/maps/reviews/data=!4m8!14m7!1m6!2m5!1sCi9DQUlRQUNvZENodHljRjlvT21KSmIxWnNUWE13UVVSWFZFUkpibU51TTI1b1ZYYxAB!2m1!1s0x0:0x6140f628da017db4!3m1!1s2@1:CAIQACodChtycF9oOmJJb1ZsTXMwQURXVERJbmNuM25oVXc%7C%7C?hl=en","106970944643183747628","45","https://lh3.googleusercontent.com/a-/ALV-UjUNg6CNhpK1DLxFcwtuPNUOhY9oXAF1R9YyqJzF4T5vpQ55Mrk=s1920-c-rp-mo-ba12-br100","https://www.google.com/maps/contrib/106970944643183747628?hl=en","116","2026-09-02T04:33:41.618Z","Direct Detail URL: https://www.google.com/maps/place/Shere's+construction+%26+handyman/@37.072572,-94.505007,17z/data=!3m1!4b1!4m6!3m5!1s0x87c87b817ea6aaab:0x6140f628da017db4!8m2!3d37.072572!4d-94.505007!16s%2Fg%2F11f4_5j3ch?entry=ttu&g_ep=EgoyMDI2MDgzMC4wIKXMDSoASAFQAw%3D%3D","5","Missouri","1705 Ohio Ave","false","He's AWESOME very reasonable price!! Gets the job done right the first time!! I'm going to be keeping him busy around my place. I'm very happy with the new toilet.",,"Shere's construction & handyman","4.5",,"https://www.google.com/maps/search/?api=1&query=Shere's%20construction%20%26%20handyman&query_place_id=ChIJq6qmfoF7yIcRtH0B2ij2QGE",
"1705 Ohio Ave, Joplin, MO 64804","3818474682365387824","Handyman/Handywoman/Handyperson","Bathroom remodeler","Construction company","Deck builder","Dry wall contractor","Fence contractor","Flooring contractor","Kitchen remodeler","Painter","Plumber","Handyman/Handywoman/Handyperson","7007871675505147316","Joplin","US","0x87c87b817ea6aaab:0x6140f628da017db4",,"https://lh3.googleusercontent.com/gps-cs-s/AHRPTWnbAvVtx6M_o7f6ghNc9UEvBATC6196-qcpGP3DevpEhzC-_yhIzVvzg4qO0xLo4LcSXLKgDjVgafr3jzHKVRN3b6sGJHtS7Ky9_51D2O5QIwh9_BjJpZORBrESqWVoCuPl3ZqpE2G7BeCo=w426-h240-k-no","false","false","/g/11f4_5j3ch","en","0","37.072572","-94.505007","Gary Whyte",,"en","false","ChIJq6qmfoF7yIcRtH0B2ij2QGE","64804",,"a year ago","2025-07-29T15:53:47.413Z",,"2025-07-29T18:57:13.000Z","We appreciate the opportunity to earn all your business, absolutely anytime you need us, just give us a ring..   
Thank you Gary we look forward to working with you again ",,,,,"Ci9DQUlRQUNvZENodHljRjlvT2xGaFVVRlFNakZVTWpWaE1YcEdTbXh0UjFoMFlrRRAB",,"Google","https://www.google.com/maps/reviews/data=!4m8!14m7!1m6!2m5!1sCi9DQUlRQUNvZENodHljRjlvT2xGaFVVRlFNakZVTWpWaE1YcEdTbXh0UjFoMFlrRRAB!2m1!1s0x0:0x6140f628da017db4!3m1!1s2@1:CAIQACodChtycF9oOlFhUUFQMjFUMjVhMXpGSmxtR1h0YkE%7C%7C?hl=en","108999575596954207816","2","https://lh3.googleusercontent.com/a-/ALV-UjUe5utxmCpKKra8ep4wWOWFf4C61cyr9pA7kCO0fHXjDwpn9xUl=s1920-c-rp-mo-br100","https://www.google.com/maps/contrib/108999575596954207816?hl=en","116","2026-09-02T04:33:41.618Z","Direct Detail URL: https://www.google.com/maps/place/Shere's+construction+%26+handyman/@37.072572,-94.505007,17z/data=!3m1!4b1!4m6!3m5!1s0x87c87b817ea6aaab:0x6140f628da017db4!8m2!3d37.072572!4d-94.505007!16s%2Fg%2F11f4_5j3ch?entry=ttu&g_ep=EgoyMDI2MDgzMC4wIKXMDSoASAFQAw%3D%3D","5","Missouri","1705 Ohio Ave","false","Keaton and Kenneth did a great job reinforcing joists and foundation plate, also fixed the outdoor problem that was causing the issue. They kept me informed all the way through showing me savings and making suggestions.  Would definitely use them again.",,"Shere's construction & handyman","4.5",,"https://www.google.com/maps/search/?api=1&query=Shere's%20construction%20%26%20handyman&query_place_id=ChIJq6qmfoF7yIcRtH0B2ij2QGE",
"1705 Ohio Ave, Joplin, MO 64804","3818474682365387824","Handyman/Handywoman/Handyperson","Bathroom remodeler","Construction company","Deck builder","Dry wall contractor","Fence contractor","Flooring contractor","Kitchen remodeler","Painter","Plumber","Handyman/Handywoman/Handyperson","7007871675505147316","Joplin","US","0x87c87b817ea6aaab:0x6140f628da017db4",,"https://lh3.googleusercontent.com/gps-cs-s/AHRPTWnbAvVtx6M_o7f6ghNc9UEvBATC6196-qcpGP3DevpEhzC-_yhIzVvzg4qO0xLo4LcSXLKgDjVgafr3jzHKVRN3b6sGJHtS7Ky9_51D2O5QIwh9_BjJpZORBrESqWVoCuPl3ZqpE2G7BeCo=w426-h240-k-no","false","false","/g/11f4_5j3ch","en","0","37.072572","-94.505007","Sarah Hartman",,"en","false","ChIJq6qmfoF7yIcRtH0B2ij2QGE","64804",,"a year ago","2025-07-26T19:14:30.329Z",,"2025-07-26T19:31:20.000Z","Thank you Sarah for all the work you all have already given us. we definitely appreciate the opportunity to work for you and your family.  ",,,,,"Ci9DQUlRQUNvZENodHljRjlvT25CS2FEZFhSbTlXYzFObFNXUk5ZMWxzWWxoc1RFRRAB",,"Google","https://www.google.com/maps/reviews/data=!4m8!14m7!1m6!2m5!1sCi9DQUlRQUNvZENodHljRjlvT25CS2FEZFhSbTlXYzFObFNXUk5ZMWxzWWxoc1RFRRAB!2m1!1s0x0:0x6140f628da017db4!3m1!1s2@1:CAIQACodChtycF9oOnBKaDdXRm9Wc1NlSWRNY1lsYlhsTEE%7C%7C?hl=en","111399891279384490478","10","https://lh3.googleusercontent.com/a-/ALV-UjU5_WJ-2sfKf0maZqEGmWviDLHXyB-unwp6h6eA_XJ3LfDB_Hs=s1920-c-rp-mo-br100","https://www.google.com/maps/contrib/111399891279384490478?hl=en","116","2026-09-02T04:33:41.618Z","Direct Detail URL: https://www.google.com/maps/place/Shere's+construction+%26+handyman/@37.072572,-94.505007,17z/data=!3m1!4b1!4m6!3m5!1s0x87c87b817ea6aaab:0x6140f628da017db4!8m2!3d37.072572!4d-94.505007!16s%2Fg%2F11f4_5j3ch?entry=ttu&g_ep=EgoyMDI2MDgzMC4wIKXMDSoASAFQAw%3D%3D","5","Missouri","1705 Ohio Ave","false","Quality workmanship! Great guys! Quick scheduling and very good at what they do! We have a list of other projects and these are the guys we're going to call! Thank you so much for fixing up our deck!",,"Shere's construction & handyman","4.5",,"https://www.google.com/maps/search/?api=1&query=Shere's%20construction%20%26%20handyman&query_place_id=ChIJq6qmfoF7yIcRtH0B2ij2QGE",
"1705 Ohio Ave, Joplin, MO 64804","3818474682365387824","Handyman/Handywoman/Handyperson","Bathroom remodeler","Construction company","Deck builder","Dry wall contractor","Fence contractor","Flooring contractor","Kitchen remodeler","Painter","Plumber","Handyman/Handywoman/Handyperson","7007871675505147316","Joplin","US","0x87c87b817ea6aaab:0x6140f628da017db4",,"https://lh3.googleusercontent.com/gps-cs-s/AHRPTWnbAvVtx6M_o7f6ghNc9UEvBATC6196-qcpGP3DevpEhzC-_yhIzVvzg4qO0xLo4LcSXLKgDjVgafr3jzHKVRN3b6sGJHtS7Ky9_51D2O5QIwh9_BjJpZORBrESqWVoCuPl3ZqpE2G7BeCo=w426-h240-k-no","false","false","/g/11f4_5j3ch","en","0","37.072572","-94.505007","Susan Stevens",,"en","false","ChIJq6qmfoF7yIcRtH0B2ij2QGE","64804",,"a year ago","2025-06-26T15:27:12.912Z",,"2025-06-26T16:54:27.000Z","Thank you for choosing us here SCH  to do your home repairs. We look forward to working with you again in the near future! ",,,,,"Ci9DQUlRQUNvZENodHljRjlvT21oR1NqWmhlRzB6V1dGM1IwOVFaMUZzZEVKS0xVRRAB",,"Google","https://www.google.com/maps/reviews/data=!4m8!14m7!1m6!2m5!1sCi9DQUlRQUNvZENodHljRjlvT21oR1NqWmhlRzB6V1dGM1IwOVFaMUZzZEVKS0xVRRAB!2m1!1s0x0:0x6140f628da017db4!3m1!1s2@1:CAIQACodChtycF9oOmhGSjZheG0zWWF3R09QZ1FsdEJKLUE%7C%7C?hl=en","116204701490333448585","1","https://lh3.googleusercontent.com/a/ACg8ocIN2E8BmIVEkGuJac7-_nL0Tr_IN6IZsc2qceQpEQOVWlif=s1920-c-rp-mo-br100","https://www.google.com/maps/contrib/116204701490333448585?hl=en","116","2026-09-02T04:33:41.618Z","Direct Detail URL: https://www.google.com/maps/place/Shere's+construction+%26+handyman/@37.072572,-94.505007,17z/data=!3m1!4b1!4m6!3m5!1s0x87c87b817ea6aaab:0x6140f628da017db4!8m2!3d37.072572!4d-94.505007!16s%2Fg%2F11f4_5j3ch?entry=ttu&g_ep=EgoyMDI2MDgzMC4wIKXMDSoASAFQAw%3D%3D","5","Missouri","1705 Ohio Ave","false","Highly recommend!  Very professional in responding to calls and keeping you informed,  Did an excellent job and would  use them again without hesitation!",,"Shere's construction & handyman","4.5",,"https://www.google.com/maps/search/?api=1&query=Shere's%20construction%20%26%20handyman&query_place_id=ChIJq6qmfoF7yIcRtH0B2ij2QGE",
"1705 Ohio Ave, Joplin, MO 64804","3818474682365387824","Handyman/Handywoman/Handyperson","Bathroom remodeler","Construction company","Deck builder","Dry wall contractor","Fence contractor","Flooring contractor","Kitchen remodeler","Painter","Plumber","Handyman/Handywoman/Handyperson","7007871675505147316","Joplin","US","0x87c87b817ea6aaab:0x6140f628da017db4",,"https://lh3.googleusercontent.com/gps-cs-s/AHRPTWnbAvVtx6M_o7f6ghNc9UEvBATC6196-qcpGP3DevpEhzC-_yhIzVvzg4qO0xLo4LcSXLKgDjVgafr3jzHKVRN3b6sGJHtS7Ky9_51D2O5QIwh9_BjJpZORBrESqWVoCuPl3ZqpE2G7BeCo=w426-h240-k-no","false","false","/g/11f4_5j3ch","en","0","37.072572","-94.505007","Casey Michels",,"en","false","ChIJq6qmfoF7yIcRtH0B2ij2QGE","64804",,"a year ago","2025-06-13T15:17:14.307Z",,"2025-06-13T19:16:00.000Z","Thank you Casey for choosing us here at SCH to do all your exterior repairs.   
Big or small you no who you can count on 24/7 !",,,,,"Ci9DQUlRQUNvZENodHljRjlvT21Od1dWaElWVWczVUVWWVZHbEVXRkZWZUVKblVHYxAB",,"Google","https://www.google.com/maps/reviews/data=!4m8!14m7!1m6!2m5!1sCi9DQUlRQUNvZENodHljRjlvT21Od1dWaElWVWczVUVWWVZHbEVXRkZWZUVKblVHYxAB!2m1!1s0x0:0x6140f628da017db4!3m1!1s2@1:CAIQACodChtycF9oOmNwWVhIVUg3UEVYVGlEWFFVeEJnUGc%7C%7C?hl=en","112289765873152183296","11","https://lh3.googleusercontent.com/a/ACg8ocIAF0Pl88WvudZBhbZo7qoijRXOvs5sWocN5RBD49KappLnzg=s1920-c-rp-mo-br100","https://www.google.com/maps/contrib/112289765873152183296?hl=en","116","2026-09-02T04:33:41.618Z","Direct Detail URL: https://www.google.com/maps/place/Shere's+construction+%26+handyman/@37.072572,-94.505007,17z/data=!3m1!4b1!4m6!3m5!1s0x87c87b817ea6aaab:0x6140f628da017db4!8m2!3d37.072572!4d-94.505007!16s%2Fg%2F11f4_5j3ch?entry=ttu&g_ep=EgoyMDI2MDgzMC4wIKXMDSoASAFQAw%3D%3D","5","Missouri","1705 Ohio Ave","false","Amazing work and communication! Was very thorough in the work completed. I am very pleased with the quality of the work as well. He fixed up our front porch and saved our deck! Will use again in the future!",,"Shere's construction & handyman","4.5",,"https://www.google.com/maps/search/?api=1&query=Shere's%20construction%20%26%20handyman&query_place_id=ChIJq6qmfoF7yIcRtH0B2ij2QGE",
"1705 Ohio Ave, Joplin, MO 64804","3818474682365387824","Handyman/Handywoman/Handyperson","Bathroom remodeler","Construction company","Deck builder","Dry wall contractor","Fence contractor","Flooring contractor","Kitchen remodeler","Painter","Plumber","Handyman/Handywoman/Handyperson","7007871675505147316","Joplin","US","0x87c87b817ea6aaab:0x6140f628da017db4",,"https://lh3.googleusercontent.com/gps-cs-s/AHRPTWnbAvVtx6M_o7f6ghNc9UEvBATC6196-qcpGP3DevpEhzC-_yhIzVvzg4qO0xLo4LcSXLKgDjVgafr3jzHKVRN3b6sGJHtS7Ky9_51D2O5QIwh9_BjJpZORBrESqWVoCuPl3ZqpE2G7BeCo=w426-h240-k-no","false","false","/g/11f4_5j3ch","en","0","37.072572","-94.505007","David Sturgeon",,"en","false","ChIJq6qmfoF7yIcRtH0B2ij2QGE","64804",,"a year ago","2025-03-22T14:21:58.129Z",,"2025-03-22T15:05:50.000Z","Absolutely anytime.  We appreciate the opportunity to earn your business. 
Have a very blessed day!",,,,,"ChdDSUhNMG9nS0VJQ0FnTUR3d042RnRRRRAB",,"Google","https://www.google.com/maps/reviews/data=!4m8!14m7!1m6!2m5!1sChdDSUhNMG9nS0VJQ0FnTUR3d042RnRRRRAB!2m1!1s0x0:0x6140f628da017db4!3m1!1s2@1:CIHM0ogKEICAgMDwwN6FtQE%7C%7C?hl=en","108392304923651794653","3","https://lh3.googleusercontent.com/a/ACg8ocKcJtjlBdhV8WN5jtR_53kcwMPzgdOyOQ38P55BoOpTT6JCbw=s1920-c-rp-mo-br100","https://www.google.com/maps/contrib/108392304923651794653?hl=en","116","2026-09-02T04:33:41.618Z","Direct Detail URL: https://www.google.com/maps/place/Shere's+construction+%26+handyman/@37.072572,-94.505007,17z/data=!3m1!4b1!4m6!3m5!1s0x87c87b817ea6aaab:0x6140f628da017db4!8m2!3d37.072572!4d-94.505007!16s%2Fg%2F11f4_5j3ch?entry=ttu&g_ep=EgoyMDI2MDgzMC4wIKXMDSoASAFQAw%3D%3D","5","Missouri","1705 Ohio Ave","false","They did a fantastic job fixing a job in my closet. Made it to where my wives clothes could actually hang without the closet falling apart. Highly reccomend.",,"Shere's construction & handyman","4.5",,"https://www.google.com/maps/search/?api=1&query=Shere's%20construction%20%26%20handyman&query_place_id=ChIJq6qmfoF7yIcRtH0B2ij2QGE",
"1705 Ohio Ave, Joplin, MO 64804","3818474682365387824","Handyman/Handywoman/Handyperson","Bathroom remodeler","Construction company","Deck builder","Dry wall contractor","Fence contractor","Flooring contractor","Kitchen remodeler","Painter","Plumber","Handyman/Handywoman/Handyperson","7007871675505147316","Joplin","US","0x87c87b817ea6aaab:0x6140f628da017db4",,"https://lh3.googleusercontent.com/gps-cs-s/AHRPTWnbAvVtx6M_o7f6ghNc9UEvBATC6196-qcpGP3DevpEhzC-_yhIzVvzg4qO0xLo4LcSXLKgDjVgafr3jzHKVRN3b6sGJHtS7Ky9_51D2O5QIwh9_BjJpZORBrESqWVoCuPl3ZqpE2G7BeCo=w426-h240-k-no","false","false","/g/11f4_5j3ch","en","0","37.072572","-94.505007","Edmund Cochran",,"en","false","ChIJq6qmfoF7yIcRtH0B2ij2QGE","64804",,"a year ago","2025-03-18T18:20:19.265Z",,"2025-03-18T20:05:18.000Z","Thank you for Edmund for the opportunity to earn all your business. 
We look forward to getting the remaining of your projects wrapped up for you.  
",,,,,"ChZDSUhNMG9nS0VJQ0FnTUN3MXBlQUxREAE",,"Google","https://www.google.com/maps/reviews/data=!4m8!14m7!1m6!2m5!1sChZDSUhNMG9nS0VJQ0FnTUN3MXBlQUxREAE!2m1!1s0x0:0x6140f628da017db4!3m1!1s2@1:CIHM0ogKEICAgMCw1peALQ%7C%7C?hl=en","108534162326426367793","3","https://lh3.googleusercontent.com/a/ACg8ocK95Q0ZmWLnBYgyXsTINxGv8Z0IyzRun565tTPKF7pwYanssQ=s1920-c-rp-mo-br100","https://www.google.com/maps/contrib/108534162326426367793?hl=en","116","2026-09-02T04:33:41.618Z","Direct Detail URL: https://www.google.com/maps/place/Shere's+construction+%26+handyman/@37.072572,-94.505007,17z/data=!3m1!4b1!4m6!3m5!1s0x87c87b817ea6aaab:0x6140f628da017db4!8m2!3d37.072572!4d-94.505007!16s%2Fg%2F11f4_5j3ch?entry=ttu&g_ep=EgoyMDI2MDgzMC4wIKXMDSoASAFQAw%3D%3D","5","Missouri","1705 Ohio Ave","false","Work done is very professional and detailed.",,"Shere's construction & handyman","4.5",,"https://www.google.com/maps/search/?api=1&query=Shere's%20construction%20%26%20handyman&query_place_id=ChIJq6qmfoF7yIcRtH0B2ij2QGE",
"1705 Ohio Ave, Joplin, MO 64804","3818474682365387824","Handyman/Handywoman/Handyperson","Bathroom remodeler","Construction company","Deck builder","Dry wall contractor","Fence contractor","Flooring contractor","Kitchen remodeler","Painter","Plumber","Handyman/Handywoman/Handyperson","7007871675505147316","Joplin","US","0x87c87b817ea6aaab:0x6140f628da017db4",,"https://lh3.googleusercontent.com/gps-cs-s/AHRPTWnbAvVtx6M_o7f6ghNc9UEvBATC6196-qcpGP3DevpEhzC-_yhIzVvzg4qO0xLo4LcSXLKgDjVgafr3jzHKVRN3b6sGJHtS7Ky9_51D2O5QIwh9_BjJpZORBrESqWVoCuPl3ZqpE2G7BeCo=w426-h240-k-no","false","true","/g/11f4_5j3ch","en","0","37.072572","-94.505007","Jon Thomas Buck",,"en","false","ChIJq6qmfoF7yIcRtH0B2ij2QGE","64804",,"a year ago","2025-03-16T01:56:45.375Z",,"2025-03-16T02:28:39.000Z","Thank you Jon for all your repeat business . We strive for nothing less than the absolute best in every way for each and every one of our clients.  
We all look forward to getting to work with you on all the projects that you have arise.    ",,,,,"ChZDSUhNMG9nS0VJQ0FnTUN3a01hVlFREAE",,"Google","https://www.google.com/maps/reviews/data=!4m8!14m7!1m6!2m5!1sChZDSUhNMG9nS0VJQ0FnTUN3a01hVlFREAE!2m1!1s0x0:0x6140f628da017db4!3m1!1s2@1:CIHM0ogKEICAgMCwkMaVQQ%7C%7C?hl=en","112241681865931364371","23","https://lh3.googleusercontent.com/a-/ALV-UjWmZMHi6U1bG0w8ItPGEBE6l-u6medOlXBuP8nRasFp8AHgO3HTmA=s1920-c-rp-mo-ba12-br100","https://www.google.com/maps/contrib/112241681865931364371?hl=en","116","2026-09-02T04:33:41.618Z","Direct Detail URL: https://www.google.com/maps/place/Shere's+construction+%26+handyman/@37.072572,-94.505007,17z/data=!3m1!4b1!4m6!3m5!1s0x87c87b817ea6aaab:0x6140f628da017db4!8m2!3d37.072572!4d-94.505007!16s%2Fg%2F11f4_5j3ch?entry=ttu&g_ep=EgoyMDI2MDgzMC4wIKXMDSoASAFQAw%3D%3D","5","Missouri","1705 Ohio Ave","false","I can’t recommend Shere’s Construction & Handyman highly enough. From start to finish, their work was professional, detail-oriented, and done with care. They showed up on time, communicated clearly, and delivered high-quality results that exceeded my expectations. Whether it was a small repair or a bigger construction project, they handled everything with integrity and skill. It’s rare to find a team that blends craftsmanship with genuine customer service, but that’s exactly what Shere’s brings to the table. I’ll definitely be calling them again for future projects—absolutely top-notch.",,"Shere's construction & handyman","4.5",,"https://www.google.com/maps/search/?api=1&query=Shere's%20construction%20%26%20handyman&query_place_id=ChIJq6qmfoF7yIcRtH0B2ij2QGE",
"1705 Ohio Ave, Joplin, MO 64804","3818474682365387824","Handyman/Handywoman/Handyperson","Bathroom remodeler","Construction company","Deck builder","Dry wall contractor","Fence contractor","Flooring contractor","Kitchen remodeler","Painter","Plumber","Handyman/Handywoman/Handyperson","7007871675505147316","Joplin","US","0x87c87b817ea6aaab:0x6140f628da017db4",,"https://lh3.googleusercontent.com/gps-cs-s/AHRPTWnbAvVtx6M_o7f6ghNc9UEvBATC6196-qcpGP3DevpEhzC-_yhIzVvzg4qO0xLo4LcSXLKgDjVgafr3jzHKVRN3b6sGJHtS7Ky9_51D2O5QIwh9_BjJpZORBrESqWVoCuPl3ZqpE2G7BeCo=w426-h240-k-no","false","true","/g/11f4_5j3ch","en","0","37.072572","-94.505007","Brent Edwards",,"en","false","ChIJq6qmfoF7yIcRtH0B2ij2QGE","64804",,"a year ago","2025-03-07T21:34:54.606Z",,"2025-03-07T22:48:23.000Z","Thanks Brent for choosing us for your home repairs. We look forward to working with you on your many other projects you all got goin on.  
Have a blessed day!!!!",,,,,"ChdDSUhNMG9nS0VJQ0FnTUNRdDhTVWlBRRAB",,"Google","https://www.google.com/maps/reviews/data=!4m8!14m7!1m6!2m5!1sChdDSUhNMG9nS0VJQ0FnTUNRdDhTVWlBRRAB!2m1!1s0x0:0x6140f628da017db4!3m1!1s2@1:CIHM0ogKEICAgMCQt8SUiAE%7C%7C?hl=en","101895750882405444489","372","https://lh3.googleusercontent.com/a-/ALV-UjVhS-DpVUaFRkt89UZ8EjYSjnsdiOIIo07zP4GDeNL1WWZW8OlOtg=s1920-c-rp-mo-ba12-br100","https://www.google.com/maps/contrib/101895750882405444489?hl=en","116","2026-09-02T04:33:41.618Z","Direct Detail URL: https://www.google.com/maps/place/Shere's+construction+%26+handyman/@37.072572,-94.505007,17z/data=!3m1!4b1!4m6!3m5!1s0x87c87b817ea6aaab:0x6140f628da017db4!8m2!3d37.072572!4d-94.505007!16s%2Fg%2F11f4_5j3ch?entry=ttu&g_ep=EgoyMDI2MDgzMC4wIKXMDSoASAFQAw%3D%3D","5","Missouri","1705 Ohio Ave","false","Excellent job. Very honest and always discussed the work needed before proceeding.",,"Shere's construction & handyman","4.5",,"https://www.google.com/maps/search/?api=1&query=Shere's%20construction%20%26%20handyman&query_place_id=ChIJq6qmfoF7yIcRtH0B2ij2QGE",
"1705 Ohio Ave, Joplin, MO 64804","3818474682365387824","Handyman/Handywoman/Handyperson","Bathroom remodeler","Construction company","Deck builder","Dry wall contractor","Fence contractor","Flooring contractor","Kitchen remodeler","Painter","Plumber","Handyman/Handywoman/Handyperson","7007871675505147316","Joplin","US","0x87c87b817ea6aaab:0x6140f628da017db4",,"https://lh3.googleusercontent.com/gps-cs-s/AHRPTWnbAvVtx6M_o7f6ghNc9UEvBATC6196-qcpGP3DevpEhzC-_yhIzVvzg4qO0xLo4LcSXLKgDjVgafr3jzHKVRN3b6sGJHtS7Ky9_51D2O5QIwh9_BjJpZORBrESqWVoCuPl3ZqpE2G7BeCo=w426-h240-k-no","false","true","/g/11f4_5j3ch","en","2","37.072572","-94.505007","R Johnson",,"en","false","ChIJq6qmfoF7yIcRtH0B2ij2QGE","64804",,"Edited a year ago","2025-03-04T13:56:17.101Z",,"2020-08-01T00:17:28.000Z","Sorry you feel that way.  I text you 3.5hours before I was to be at your home for a completely FREE in home estimate,to reschedule due to all the rain today and now several hours later your sending extremely rude texts. 
sir since your very extremely rude and completely inconsiderate please find someone else.  Hope you treat the next guy you find better than you have us.  Thanks have a very blessed day !",,,,,"ChZDSUhNMG9nS0VJQ0FnSUQ4aDlXY0l3EAE",,"Google","https://www.google.com/maps/reviews/data=!4m8!14m7!1m6!2m5!1sChZDSUhNMG9nS0VJQ0FnSUQ4aDlXY0l3EAE!2m1!1s0x0:0x6140f628da017db4!3m1!1s2@1:CIHM0ogKEICAgID8h9WcIw%7C%7C?hl=en","114434206090560725795","5","https://lh3.googleusercontent.com/a/ACg8ocKxe8fmULh6NmEsNVh8VNPYrCIz-WD9ZFIcKgq_vnu7fMBriG8=s1920-c-rp-mo-ba12-br100","https://www.google.com/maps/contrib/114434206090560725795?hl=en","116","2026-09-02T04:33:41.618Z","Direct Detail URL: https://www.google.com/maps/place/Shere's+construction+%26+handyman/@37.072572,-94.505007,17z/data=!3m1!4b1!4m6!3m5!1s0x87c87b817ea6aaab:0x6140f628da017db4!8m2!3d37.072572!4d-94.505007!16s%2Fg%2F11f4_5j3ch?entry=ttu&g_ep=EgoyMDI2MDgzMC4wIKXMDSoASAFQAw%3D%3D","1","Missouri","1705 Ohio Ave","false","What a joke. Don't waste your time! They will not show up.",,"Shere's construction & handyman","4.5",,"https://www.google.com/maps/search/?api=1&query=Shere's%20construction%20%26%20handyman&query_place_id=ChIJq6qmfoF7yIcRtH0B2ij2QGE",
"1705 Ohio Ave, Joplin, MO 64804","3818474682365387824","Handyman/Handywoman/Handyperson","Bathroom remodeler","Construction company","Deck builder","Dry wall contractor","Fence contractor","Flooring contractor","Kitchen remodeler","Painter","Plumber","Handyman/Handywoman/Handyperson","7007871675505147316","Joplin","US","0x87c87b817ea6aaab:0x6140f628da017db4",,"https://lh3.googleusercontent.com/gps-cs-s/AHRPTWnbAvVtx6M_o7f6ghNc9UEvBATC6196-qcpGP3DevpEhzC-_yhIzVvzg4qO0xLo4LcSXLKgDjVgafr3jzHKVRN3b6sGJHtS7Ky9_51D2O5QIwh9_BjJpZORBrESqWVoCuPl3ZqpE2G7BeCo=w426-h240-k-no","false","false","/g/11f4_5j3ch","en","0","37.072572","-94.505007","Pickle 1970",,"en","false","ChIJq6qmfoF7yIcRtH0B2ij2QGE","64804",,"a year ago","2025-03-01T17:14:32.217Z",,"2025-03-01T18:09:27.000Z","You are very welcome.
Absolutely anytime day or night,
We’re here to help! 
Big and small were known to do it all
",,,,,"ChZDSUhNMG9nS0VJQ0FnTUNRbU16d1RnEAE",,"Google","https://www.google.com/maps/reviews/data=!4m8!14m7!1m6!2m5!1sChZDSUhNMG9nS0VJQ0FnTUNRbU16d1RnEAE!2m1!1s0x0:0x6140f628da017db4!3m1!1s2@1:CIHM0ogKEICAgMCQmMzwTg%7C%7C?hl=en","110373345780144238086","8","https://lh3.googleusercontent.com/a-/ALV-UjVF6OFgu4_R1rFFR3mirmf7tVIW1jJnRcH5foDmA6NVf7LcDhoQ=s1920-c-rp-mo-br100","https://www.google.com/maps/contrib/110373345780144238086?hl=en","116","2026-09-02T04:33:41.618Z","Direct Detail URL: https://www.google.com/maps/place/Shere's+construction+%26+handyman/@37.072572,-94.505007,17z/data=!3m1!4b1!4m6!3m5!1s0x87c87b817ea6aaab:0x6140f628da017db4!8m2!3d37.072572!4d-94.505007!16s%2Fg%2F11f4_5j3ch?entry=ttu&g_ep=EgoyMDI2MDgzMC4wIKXMDSoASAFQAw%3D%3D","5","Missouri","1705 Ohio Ave","false","Keaton found leaks in our plumbing and roof vents that where missed by other companies. He found and repaired our problems fast and for a good price. They are my, now go to for everything that I can't DIY. Thank you guys!",,"Shere's construction & handyman","4.5",,"https://www.google.com/maps/search/?api=1&query=Shere's%20construction%20%26%20handyman&query_place_id=ChIJq6qmfoF7yIcRtH0B2ij2QGE",
"1705 Ohio Ave, Joplin, MO 64804","3818474682365387824","Handyman/Handywoman/Handyperson","Bathroom remodeler","Construction company","Deck builder","Dry wall contractor","Fence contractor","Flooring contractor","Kitchen remodeler","Painter","Plumber","Handyman/Handywoman/Handyperson","7007871675505147316","Joplin","US","0x87c87b817ea6aaab:0x6140f628da017db4",,"https://lh3.googleusercontent.com/gps-cs-s/AHRPTWnbAvVtx6M_o7f6ghNc9UEvBATC6196-qcpGP3DevpEhzC-_yhIzVvzg4qO0xLo4LcSXLKgDjVgafr3jzHKVRN3b6sGJHtS7Ky9_51D2O5QIwh9_BjJpZORBrESqWVoCuPl3ZqpE2G7BeCo=w426-h240-k-no","false","true","/g/11f4_5j3ch","en","0","37.072572","-94.505007","Moe Estrada",,"en","false","ChIJq6qmfoF7yIcRtH0B2ij2QGE","64804",,"a year ago","2025-02-22T21:36:11.389Z",,"2025-02-23T03:14:43.000Z","Thank you moe , 
24/7  you can count on us! ",,,,,"ChZDSUhNMG9nS0VJQ0FnTURnOU1TYU1BEAE",,"Google","https://www.google.com/maps/reviews/data=!4m8!14m7!1m6!2m5!1sChZDSUhNMG9nS0VJQ0FnTURnOU1TYU1BEAE!2m1!1s0x0:0x6140f628da017db4!3m1!1s2@1:CIHM0ogKEICAgMDg9MSaMA%7C%7C?hl=en","110360457775703633783","16","https://lh3.googleusercontent.com/a/ACg8ocIXNWVHdDAHmT84E-PiQ465ST3kylTsgoRmjIoGEhIUS_LskQ=s1920-c-rp-mo-ba12-br100","https://www.google.com/maps/contrib/110360457775703633783?hl=en","116","2026-09-02T04:33:41.618Z","Direct Detail URL: https://www.google.com/maps/place/Shere's+construction+%26+handyman/@37.072572,-94.505007,17z/data=!3m1!4b1!4m6!3m5!1s0x87c87b817ea6aaab:0x6140f628da017db4!8m2!3d37.072572!4d-94.505007!16s%2Fg%2F11f4_5j3ch?entry=ttu&g_ep=EgoyMDI2MDgzMC4wIKXMDSoASAFQAw%3D%3D","5","Missouri","1705 Ohio Ave","false","Quick response time & clean work. Got me set up with a repair while we wait on insurance to come through",,"Shere's construction & handyman","4.5",,"https://www.google.com/maps/search/?api=1&query=Shere's%20construction%20%26%20handyman&query_place_id=ChIJq6qmfoF7yIcRtH0B2ij2QGE",
"1705 Ohio Ave, Joplin, MO 64804","3818474682365387824","Handyman/Handywoman/Handyperson","Bathroom remodeler","Construction company","Deck builder","Dry wall contractor","Fence contractor","Flooring contractor","Kitchen remodeler","Painter","Plumber","Handyman/Handywoman/Handyperson","7007871675505147316","Joplin","US","0x87c87b817ea6aaab:0x6140f628da017db4",,"https://lh3.googleusercontent.com/gps-cs-s/AHRPTWnbAvVtx6M_o7f6ghNc9UEvBATC6196-qcpGP3DevpEhzC-_yhIzVvzg4qO0xLo4LcSXLKgDjVgafr3jzHKVRN3b6sGJHtS7Ky9_51D2O5QIwh9_BjJpZORBrESqWVoCuPl3ZqpE2G7BeCo=w426-h240-k-no","false","false","/g/11f4_5j3ch","en","0","37.072572","-94.505007","Brett Laforest",,"en","false","ChIJq6qmfoF7yIcRtH0B2ij2QGE","64804",,"a year ago","2025-01-09T16:36:13.187Z",,"2025-01-09T19:05:51.000Z","Thanks Brett ,we all here at SCH appreciate your repeat business . 
From the curb to the roof we’ve got you covered !",,,,,"ChZDSUhNMG9nS0VJQ0FnSURmX2ZIY1ZnEAE",,"Google","https://www.google.com/maps/reviews/data=!4m8!14m7!1m6!2m5!1sChZDSUhNMG9nS0VJQ0FnSURmX2ZIY1ZnEAE!2m1!1s0x0:0x6140f628da017db4!3m1!1s2@1:CIHM0ogKEICAgIDf_fHcVg%7C%7C?hl=en","116642757387988187890","12","https://lh3.googleusercontent.com/a/ACg8ocIwlOf7xcJE09mGqVEf3xmpyPm6OBg8dpjJHrFvrSiJ-ywZxg=s1920-c-rp-mo-br100","https://www.google.com/maps/contrib/116642757387988187890?hl=en","116","2026-09-02T04:33:41.618Z","Direct Detail URL: https://www.google.com/maps/place/Shere's+construction+%26+handyman/@37.072572,-94.505007,17z/data=!3m1!4b1!4m6!3m5!1s0x87c87b817ea6aaab:0x6140f628da017db4!8m2!3d37.072572!4d-94.505007!16s%2Fg%2F11f4_5j3ch?entry=ttu&g_ep=EgoyMDI2MDgzMC4wIKXMDSoASAFQAw%3D%3D","5","Missouri","1705 Ohio Ave","false","Keaton was amazing kept
Me updated through the process with photos and videos.  He also let me know what he was doing and things I needed to be aware of going forward.  Highly recommend with his knowledge and experience.",,"Shere's construction & handyman","4.5",,"https://www.google.com/maps/search/?api=1&query=Shere's%20construction%20%26%20handyman&query_place_id=ChIJq6qmfoF7yIcRtH0B2ij2QGE",
"1705 Ohio Ave, Joplin, MO 64804","3818474682365387824","Handyman/Handywoman/Handyperson","Bathroom remodeler","Construction company","Deck builder","Dry wall contractor","Fence contractor","Flooring contractor","Kitchen remodeler","Painter","Plumber","Handyman/Handywoman/Handyperson","7007871675505147316","Joplin","US","0x87c87b817ea6aaab:0x6140f628da017db4",,"https://lh3.googleusercontent.com/gps-cs-s/AHRPTWnbAvVtx6M_o7f6ghNc9UEvBATC6196-qcpGP3DevpEhzC-_yhIzVvzg4qO0xLo4LcSXLKgDjVgafr3jzHKVRN3b6sGJHtS7Ky9_51D2O5QIwh9_BjJpZORBrESqWVoCuPl3ZqpE2G7BeCo=w426-h240-k-no","false","false","/g/11f4_5j3ch","en","0","37.072572","-94.505007","Marilyn Janzen",,"en","false","ChIJq6qmfoF7yIcRtH0B2ij2QGE","64804",,"a year ago","2024-12-14T18:16:22.707Z",,"2024-12-14T18:54:57.000Z","Thank you so much Marilyn for your business. Big or small you no who you can count on day or night.  
From my family to yours have a very merry Xmas and happy new year.  ",,,,,"ChdDSUhNMG9nS0VJQ0FnSUN2eTQyb2t3RRAB",,"Google","https://www.google.com/maps/reviews/data=!4m8!14m7!1m6!2m5!1sChdDSUhNMG9nS0VJQ0FnSUN2eTQyb2t3RRAB!2m1!1s0x0:0x6140f628da017db4!3m1!1s2@1:CIHM0ogKEICAgICvy42okwE%7C%7C?hl=en","112882184816760211995","3","https://lh3.googleusercontent.com/a-/ALV-UjXifJwj7m3E2xmLowlmlxJc-iJP1fB5DBPaskLCi2ttmkWabmLJjg=s1920-c-rp-mo-br100","https://www.google.com/maps/contrib/112882184816760211995?hl=en","116","2026-09-02T04:33:41.618Z","Direct Detail URL: https://www.google.com/maps/place/Shere's+construction+%26+handyman/@37.072572,-94.505007,17z/data=!3m1!4b1!4m6!3m5!1s0x87c87b817ea6aaab:0x6140f628da017db4!8m2!3d37.072572!4d-94.505007!16s%2Fg%2F11f4_5j3ch?entry=ttu&g_ep=EgoyMDI2MDgzMC4wIKXMDSoASAFQAw%3D%3D","5","Missouri","1705 Ohio Ave","false","Efficient, completed work in timely manner.  Keep area neat and clean. Enjoyable experience",,"Shere's construction & handyman","4.5",,"https://www.google.com/maps/search/?api=1&query=Shere's%20construction%20%26%20handyman&query_place_id=ChIJq6qmfoF7yIcRtH0B2ij2QGE",
"1705 Ohio Ave, Joplin, MO 64804","3818474682365387824","Handyman/Handywoman/Handyperson","Bathroom remodeler","Construction company","Deck builder","Dry wall contractor","Fence contractor","Flooring contractor","Kitchen remodeler","Painter","Plumber","Handyman/Handywoman/Handyperson","7007871675505147316","Joplin","US","0x87c87b817ea6aaab:0x6140f628da017db4",,"https://lh3.googleusercontent.com/gps-cs-s/AHRPTWnbAvVtx6M_o7f6ghNc9UEvBATC6196-qcpGP3DevpEhzC-_yhIzVvzg4qO0xLo4LcSXLKgDjVgafr3jzHKVRN3b6sGJHtS7Ky9_51D2O5QIwh9_BjJpZORBrESqWVoCuPl3ZqpE2G7BeCo=w426-h240-k-no","false","false","/g/11f4_5j3ch","en","0","37.072572","-94.505007","Jess Spencer",,"en","false","ChIJq6qmfoF7yIcRtH0B2ij2QGE","64804",,"a year ago","2024-11-25T15:33:07.650Z",,"2024-11-25T18:28:25.000Z","From all of us here at SCH ,thank you for all your business. 
From our big ol family , to yours, Hope you and your family have a happy and very blessed holiday season!",,,,,"ChZDSUhNMG9nS0VJQ0FnSUNQOGVleGJnEAE",,"Google","https://www.google.com/maps/reviews/data=!4m8!14m7!1m6!2m5!1sChZDSUhNMG9nS0VJQ0FnSUNQOGVleGJnEAE!2m1!1s0x0:0x6140f628da017db4!3m1!1s2@1:CIHM0ogKEICAgICP8eexbg%7C%7C?hl=en","107958824406774428595","1","https://lh3.googleusercontent.com/a/ACg8ocKEtoXgmGCdtckEapMfzIuy-RIK6MkUvZ2uc-Cus-B4UeeE9Q=s1920-c-rp-mo-br100","https://www.google.com/maps/contrib/107958824406774428595?hl=en","116","2026-09-02T04:33:41.618Z","Direct Detail URL: https://www.google.com/maps/place/Shere's+construction+%26+handyman/@37.072572,-94.505007,17z/data=!3m1!4b1!4m6!3m5!1s0x87c87b817ea6aaab:0x6140f628da017db4!8m2!3d37.072572!4d-94.505007!16s%2Fg%2F11f4_5j3ch?entry=ttu&g_ep=EgoyMDI2MDgzMC4wIKXMDSoASAFQAw%3D%3D","5","Missouri","1705 Ohio Ave","false","needed some plumbing work done. they were prompt and very professional. would recommend them to anyone needing good honest handyman service",,"Shere's construction & handyman","4.5",,"https://www.google.com/maps/search/?api=1&query=Shere's%20construction%20%26%20handyman&query_place_id=ChIJq6qmfoF7yIcRtH0B2ij2QGE",
"1705 Ohio Ave, Joplin, MO 64804","3818474682365387824","Handyman/Handywoman/Handyperson","Bathroom remodeler","Construction company","Deck builder","Dry wall contractor","Fence contractor","Flooring contractor","Kitchen remodeler","Painter","Plumber","Handyman/Handywoman/Handyperson","7007871675505147316","Joplin","US","0x87c87b817ea6aaab:0x6140f628da017db4",,"https://lh3.googleusercontent.com/gps-cs-s/AHRPTWnbAvVtx6M_o7f6ghNc9UEvBATC6196-qcpGP3DevpEhzC-_yhIzVvzg4qO0xLo4LcSXLKgDjVgafr3jzHKVRN3b6sGJHtS7Ky9_51D2O5QIwh9_BjJpZORBrESqWVoCuPl3ZqpE2G7BeCo=w426-h240-k-no","false","false","/g/11f4_5j3ch","en","0","37.072572","-94.505007","LWilliams Masters",,"en","false","ChIJq6qmfoF7yIcRtH0B2ij2QGE","64804",,"a year ago","2024-11-18T14:46:35.278Z",,"2024-11-18T15:08:33.000Z","From all of us here at SCH ,Thank you for the chance to earn your business.   
You and your bulldogs were absolutely amazing to work with!  💯 
",,,,,"ChdDSUhNMG9nS0VJQ0FnSUQzazVYaWpRRRAB",,"Google","https://www.google.com/maps/reviews/data=!4m8!14m7!1m6!2m5!1sChdDSUhNMG9nS0VJQ0FnSUQzazVYaWpRRRAB!2m1!1s0x0:0x6140f628da017db4!3m1!1s2@1:CIHM0ogKEICAgID3k5XijQE%7C%7C?hl=en","110833208213257758339","6","https://lh3.googleusercontent.com/a/ACg8ocIi5imjP5x-VxZAlivPoRfYcLwU6B1QPApJX9gNmA8qTXPWoQ=s1920-c-rp-mo-br100","https://www.google.com/maps/contrib/110833208213257758339?hl=en","116","2026-09-02T04:33:41.618Z","Direct Detail URL: https://www.google.com/maps/place/Shere's+construction+%26+handyman/@37.072572,-94.505007,17z/data=!3m1!4b1!4m6!3m5!1s0x87c87b817ea6aaab:0x6140f628da017db4!8m2!3d37.072572!4d-94.505007!16s%2Fg%2F11f4_5j3ch?entry=ttu&g_ep=EgoyMDI2MDgzMC4wIKXMDSoASAFQAw%3D%3D","5","Missouri","1705 Ohio Ave","false","Keaton and James replaced my kitchen sink and faucet and did an amazing job. They make sure it's done right so there will be no concerns in the future. I'm already putting together other projects for Shere Construction  and Handyman. Their prices were more than fair, he was on time and they cleaned up afterwards. A+++ rating",,"Shere's construction & handyman","4.5",,"https://www.google.com/maps/search/?api=1&query=Shere's%20construction%20%26%20handyman&query_place_id=ChIJq6qmfoF7yIcRtH0B2ij2QGE",
"1705 Ohio Ave, Joplin, MO 64804","3818474682365387824","Handyman/Handywoman/Handyperson","Bathroom remodeler","Construction company","Deck builder","Dry wall contractor","Fence contractor","Flooring contractor","Kitchen remodeler","Painter","Plumber","Handyman/Handywoman/Handyperson","7007871675505147316","Joplin","US","0x87c87b817ea6aaab:0x6140f628da017db4",,"https://lh3.googleusercontent.com/gps-cs-s/AHRPTWnbAvVtx6M_o7f6ghNc9UEvBATC6196-qcpGP3DevpEhzC-_yhIzVvzg4qO0xLo4LcSXLKgDjVgafr3jzHKVRN3b6sGJHtS7Ky9_51D2O5QIwh9_BjJpZORBrESqWVoCuPl3ZqpE2G7BeCo=w426-h240-k-no","false","false","/g/11f4_5j3ch","en","0","37.072572","-94.505007","Frieda Colbert",,"en","false","ChIJq6qmfoF7yIcRtH0B2ij2QGE","64804",,"a year ago","2024-10-30T14:16:15.013Z",,"2024-10-30T17:43:08.000Z","You and Mike are absolutely amazing to work with, And so caring and kind.  I always go above and beyond for our clients regardless of the situation they may be in to insure our work is nothing less than top knotch and to provide the highest quality of services in each and every way.   
It was an absolute honor meeting both mike and you. 
From all of us at SCH we Thank you both for the opportunity to earn all your business!
",,,,,"ChZDSUhNMG9nS0VJQ0FnSURYZzg2WkZBEAE",,"Google","https://www.google.com/maps/reviews/data=!4m8!14m7!1m6!2m5!1sChZDSUhNMG9nS0VJQ0FnSURYZzg2WkZBEAE!2m1!1s0x0:0x6140f628da017db4!3m1!1s2@1:CIHM0ogKEICAgIDXg86ZFA%7C%7C?hl=en","108385210673668778465","2","https://lh3.googleusercontent.com/a/ACg8ocIduzdA3idQ3Rg9kLMwq-0UMUsiiv3xLdK0kCqdJw2uvEh8pQ=s1920-c-rp-mo-br100","https://www.google.com/maps/contrib/108385210673668778465?hl=en","116","2026-09-02T04:33:41.618Z","Direct Detail URL: https://www.google.com/maps/place/Shere's+construction+%26+handyman/@37.072572,-94.505007,17z/data=!3m1!4b1!4m6!3m5!1s0x87c87b817ea6aaab:0x6140f628da017db4!8m2!3d37.072572!4d-94.505007!16s%2Fg%2F11f4_5j3ch?entry=ttu&g_ep=EgoyMDI2MDgzMC4wIKXMDSoASAFQAw%3D%3D","5","Missouri","1705 Ohio Ave","false","Shere’s Handyman and Construction has been at our home to repair a very shoddy job of deck work done by previous contractors Shere ‘s is top quality very professional contractors. Shere’s use quality material  has a vast knowledge base We could not be happier with the workmanship . Shere listens and follows through with professionalism top notch   We would recommend them for any type construction!
thank you so very much for our amazing secure deck
Mike and Frieda Colbert",,"Shere's construction & handyman","4.5",,"https://www.google.com/maps/search/?api=1&query=Shere's%20construction%20%26%20handyman&query_place_id=ChIJq6qmfoF7yIcRtH0B2ij2QGE",
"1705 Ohio Ave, Joplin, MO 64804","3818474682365387824","Handyman/Handywoman/Handyperson","Bathroom remodeler","Construction company","Deck builder","Dry wall contractor","Fence contractor","Flooring contractor","Kitchen remodeler","Painter","Plumber","Handyman/Handywoman/Handyperson","7007871675505147316","Joplin","US","0x87c87b817ea6aaab:0x6140f628da017db4",,"https://lh3.googleusercontent.com/gps-cs-s/AHRPTWnbAvVtx6M_o7f6ghNc9UEvBATC6196-qcpGP3DevpEhzC-_yhIzVvzg4qO0xLo4LcSXLKgDjVgafr3jzHKVRN3b6sGJHtS7Ky9_51D2O5QIwh9_BjJpZORBrESqWVoCuPl3ZqpE2G7BeCo=w426-h240-k-no","false","false","/g/11f4_5j3ch","en","0","37.072572","-94.505007","Kristin Moore",,"en","false","ChIJq6qmfoF7yIcRtH0B2ij2QGE","64804",,"a year ago","2024-09-21T14:55:35.335Z",,"2024-09-21T16:53:30.000Z","
Thank you Kristin for the opportunity to earn all your business. We look forward to working with you again in the future.",,,,,"ChZDSUhNMG9nS0VJQ0FnSUNud0l5Y1hBEAE",,"Google","https://www.google.com/maps/reviews/data=!4m8!14m7!1m6!2m5!1sChZDSUhNMG9nS0VJQ0FnSUNud0l5Y1hBEAE!2m1!1s0x0:0x6140f628da017db4!3m1!1s2@1:CIHM0ogKEICAgICnwIycXA%7C%7C?hl=en","110347176263826106067","2","https://lh3.googleusercontent.com/a/ACg8ocI0liYWJPOPsTI13oXhZDGdcXIn5FwiQMzD4UKlE8XvtdjRYA=s1920-c-rp-mo-br100","https://www.google.com/maps/contrib/110347176263826106067?hl=en","116","2026-09-02T04:33:41.618Z","Direct Detail URL: https://www.google.com/maps/place/Shere's+construction+%26+handyman/@37.072572,-94.505007,17z/data=!3m1!4b1!4m6!3m5!1s0x87c87b817ea6aaab:0x6140f628da017db4!8m2!3d37.072572!4d-94.505007!16s%2Fg%2F11f4_5j3ch?entry=ttu&g_ep=EgoyMDI2MDgzMC4wIKXMDSoASAFQAw%3D%3D","5","Missouri","1705 Ohio Ave","false","Definitely would recommend Shere’s construction and handyman. Showed up when they said they would, very responsive to messages and questions, very  reasonable and honest with prices and does amazing work!  Will definitely be using for all of our home repairs.",,"Shere's construction & handyman","4.5",,"https://www.google.com/maps/search/?api=1&query=Shere's%20construction%20%26%20handyman&query_place_id=ChIJq6qmfoF7yIcRtH0B2ij2QGE",
"1705 Ohio Ave, Joplin, MO 64804","3818474682365387824","Handyman/Handywoman/Handyperson","Bathroom remodeler","Construction company","Deck builder","Dry wall contractor","Fence contractor","Flooring contractor","Kitchen remodeler","Painter","Plumber","Handyman/Handywoman/Handyperson","7007871675505147316","Joplin","US","0x87c87b817ea6aaab:0x6140f628da017db4",,"https://lh3.googleusercontent.com/gps-cs-s/AHRPTWnbAvVtx6M_o7f6ghNc9UEvBATC6196-qcpGP3DevpEhzC-_yhIzVvzg4qO0xLo4LcSXLKgDjVgafr3jzHKVRN3b6sGJHtS7Ky9_51D2O5QIwh9_BjJpZORBrESqWVoCuPl3ZqpE2G7BeCo=w426-h240-k-no","false","false","/g/11f4_5j3ch","en","0","37.072572","-94.505007","Angie Usher",,"en","false","ChIJq6qmfoF7yIcRtH0B2ij2QGE","64804",,"2 years ago","2024-08-05T13:59:16.735Z",,"2024-08-05T15:11:05.000Z","Thank you Angie for trusting us here at SCH to work on your beautiful home, and for the opportunity to earn all your business! ",,,,,"ChdDSUhNMG9nS0VJQ0FnSURicnZDQnZ3RRAB",,"Google","https://www.google.com/maps/reviews/data=!4m8!14m7!1m6!2m5!1sChdDSUhNMG9nS0VJQ0FnSURicnZDQnZ3RRAB!2m1!1s0x0:0x6140f628da017db4!3m1!1s2@1:CIHM0ogKEICAgIDbrvCBvwE%7C%7C?hl=en","108337424786532645470","6","https://lh3.googleusercontent.com/a/ACg8ocJCv27-Guf0iz-o18HNXq6w_asNhUJo277J6oYlQbdSvw2esA=s1920-c-rp-mo-br100","https://www.google.com/maps/contrib/108337424786532645470?hl=en","116","2026-09-02T04:33:41.618Z","Direct Detail URL: https://www.google.com/maps/place/Shere's+construction+%26+handyman/@37.072572,-94.505007,17z/data=!3m1!4b1!4m6!3m5!1s0x87c87b817ea6aaab:0x6140f628da017db4!8m2!3d37.072572!4d-94.505007!16s%2Fg%2F11f4_5j3ch?entry=ttu&g_ep=EgoyMDI2MDgzMC4wIKXMDSoASAFQAw%3D%3D","5","Missouri","1705 Ohio Ave","false","Shere Construction was prompt in responding to my problem. My kitchen sink had fallen out from my granite countertop leaving it useless. Keaton and James brought 4 heavy duty braces and had my kitchen sink secured and working within an hour of arriving to my house. They were very professional and affordable!! Will definitely use their services in the future!!!!",,"Shere's construction & handyman","4.5",,"https://www.google.com/maps/search/?api=1&query=Shere's%20construction%20%26%20handyman&query_place_id=ChIJq6qmfoF7yIcRtH0B2ij2QGE",
"1705 Ohio Ave, Joplin, MO 64804","3818474682365387824","Handyman/Handywoman/Handyperson","Bathroom remodeler","Construction company","Deck builder","Dry wall contractor","Fence contractor","Flooring contractor","Kitchen remodeler","Painter","Plumber","Handyman/Handywoman/Handyperson","7007871675505147316","Joplin","US","0x87c87b817ea6aaab:0x6140f628da017db4",,"https://lh3.googleusercontent.com/gps-cs-s/AHRPTWnbAvVtx6M_o7f6ghNc9UEvBATC6196-qcpGP3DevpEhzC-_yhIzVvzg4qO0xLo4LcSXLKgDjVgafr3jzHKVRN3b6sGJHtS7Ky9_51D2O5QIwh9_BjJpZORBrESqWVoCuPl3ZqpE2G7BeCo=w426-h240-k-no","false","false","/g/11f4_5j3ch","en","0","37.072572","-94.505007","Linda Little",,"en","false","ChIJq6qmfoF7yIcRtH0B2ij2QGE","64804",,"2 years ago","2024-07-26T13:03:48.323Z",,"2024-07-26T17:41:13.000Z","From the curb to your roof you no who you can count on. 
Thank you Linda not only for the 
5⭐️ review but for the chance to earn all your business",,,,,"ChZDSUhNMG9nS0VJQ0FnSUNieHFYRE9REAE",,"Google","https://www.google.com/maps/reviews/data=!4m8!14m7!1m6!2m5!1sChZDSUhNMG9nS0VJQ0FnSUNieHFYRE9REAE!2m1!1s0x0:0x6140f628da017db4!3m1!1s2@1:CIHM0ogKEICAgICbxqXDOQ%7C%7C?hl=en","102439136211778797921","2","https://lh3.googleusercontent.com/a-/ALV-UjXlb4JHIUyhiDMSPx6SPi6nABV8zHcAR0q-j5t92y9U5CS_eVs=s1920-c-rp-mo-br100","https://www.google.com/maps/contrib/102439136211778797921?hl=en","116","2026-09-02T04:33:41.618Z","Direct Detail URL: https://www.google.com/maps/place/Shere's+construction+%26+handyman/@37.072572,-94.505007,17z/data=!3m1!4b1!4m6!3m5!1s0x87c87b817ea6aaab:0x6140f628da017db4!8m2!3d37.072572!4d-94.505007!16s%2Fg%2F11f4_5j3ch?entry=ttu&g_ep=EgoyMDI2MDgzMC4wIKXMDSoASAFQAw%3D%3D","5","Missouri","1705 Ohio Ave","false","These guys really do good work. They are attentive to details. Highly recommend them for any jobs.",,"Shere's construction & handyman","4.5",,"https://www.google.com/maps/search/?api=1&query=Shere's%20construction%20%26%20handyman&query_place_id=ChIJq6qmfoF7yIcRtH0B2ij2QGE",
"1705 Ohio Ave, Joplin, MO 64804","3818474682365387824","Handyman/Handywoman/Handyperson","Bathroom remodeler","Construction company","Deck builder","Dry wall contractor","Fence contractor","Flooring contractor","Kitchen remodeler","Painter","Plumber","Handyman/Handywoman/Handyperson","7007871675505147316","Joplin","US","0x87c87b817ea6aaab:0x6140f628da017db4",,"https://lh3.googleusercontent.com/gps-cs-s/AHRPTWnbAvVtx6M_o7f6ghNc9UEvBATC6196-qcpGP3DevpEhzC-_yhIzVvzg4qO0xLo4LcSXLKgDjVgafr3jzHKVRN3b6sGJHtS7Ky9_51D2O5QIwh9_BjJpZORBrESqWVoCuPl3ZqpE2G7BeCo=w426-h240-k-no","false","false","/g/11f4_5j3ch","en","0","37.072572","-94.505007","Annie Brown",,"en","false","ChIJq6qmfoF7yIcRtH0B2ij2QGE","64804",,"2 years ago","2024-07-23T02:53:40.916Z",,"2024-07-23T12:34:12.000Z","Thank you from all of us here at SCH. 
We definitely take pride in our craftsmanship aswell as putting clients first. 
If you can dream it , we can make it your reality!   Thanks again Annie we look forward to getting to work for you again in the future.  
",,,,,"ChdDSUhNMG9nS0VJQ0FnSUNibU9mMC1RRRAB",,"Google","https://www.google.com/maps/reviews/data=!4m8!14m7!1m6!2m5!1sChdDSUhNMG9nS0VJQ0FnSUNibU9mMC1RRRAB!2m1!1s0x0:0x6140f628da017db4!3m1!1s2@1:CIHM0ogKEICAgICbmOf0-QE%7C%7C?hl=en","114541286312161018885","2","https://lh3.googleusercontent.com/a/ACg8ocKyHtYvcDWxdH9DnQ1t9GjefBO3D-DfLBL1nfj2NWO-3JIQGA=s1920-c-rp-mo-br100","https://www.google.com/maps/contrib/114541286312161018885?hl=en","116","2026-09-02T04:33:41.618Z","Direct Detail URL: https://www.google.com/maps/place/Shere's+construction+%26+handyman/@37.072572,-94.505007,17z/data=!3m1!4b1!4m6!3m5!1s0x87c87b817ea6aaab:0x6140f628da017db4!8m2!3d37.072572!4d-94.505007!16s%2Fg%2F11f4_5j3ch?entry=ttu&g_ep=EgoyMDI2MDgzMC4wIKXMDSoASAFQAw%3D%3D","5","Missouri","1705 Ohio Ave","false","Shere’s construction is a small local business  that I’ve never been disappointed with, their quality work is always 100%. The amount of effort they put into always listening to my ideas on projects is nice they put my vision of what I say I would like to have done, and they build it and make it happen! I appreciate what they do, that I can’t!",,"Shere's construction & handyman","4.5",,"https://www.google.com/maps/search/?api=1&query=Shere's%20construction%20%26%20handyman&query_place_id=ChIJq6qmfoF7yIcRtH0B2ij2QGE",
"1705 Ohio Ave, Joplin, MO 64804","3818474682365387824","Handyman/Handywoman/Handyperson","Bathroom remodeler","Construction company","Deck builder","Dry wall contractor","Fence contractor","Flooring contractor","Kitchen remodeler","Painter","Plumber","Handyman/Handywoman/Handyperson","7007871675505147316","Joplin","US","0x87c87b817ea6aaab:0x6140f628da017db4",,"https://lh3.googleusercontent.com/gps-cs-s/AHRPTWnbAvVtx6M_o7f6ghNc9UEvBATC6196-qcpGP3DevpEhzC-_yhIzVvzg4qO0xLo4LcSXLKgDjVgafr3jzHKVRN3b6sGJHtS7Ky9_51D2O5QIwh9_BjJpZORBrESqWVoCuPl3ZqpE2G7BeCo=w426-h240-k-no","false","false","/g/11f4_5j3ch","en","0","37.072572","-94.505007","Kent Huff",,"en","false","ChIJq6qmfoF7yIcRtH0B2ij2QGE","64804",,"2 years ago","2024-07-18T01:33:58.426Z",,"2024-07-18T10:42:05.000Z","Thank you Kent from all of us at SCH we appreciate the 5⭐️ review.    ",,,,,"ChZDSUhNMG9nS0VJQ0FnSURyb2FTMVV3EAE",,"Google","https://www.google.com/maps/reviews/data=!4m8!14m7!1m6!2m5!1sChZDSUhNMG9nS0VJQ0FnSURyb2FTMVV3EAE!2m1!1s0x0:0x6140f628da017db4!3m1!1s2@1:CIHM0ogKEICAgIDroaS1Uw%7C%7C?hl=en","109288820378649554447","2","https://lh3.googleusercontent.com/a/ACg8ocJ5WQMWkJP1_PmY4wMwPoyZN7sPcssSTwRasmAweNeNKa0rIw=s1920-c-rp-mo-br100","https://www.google.com/maps/contrib/109288820378649554447?hl=en","116","2026-09-02T04:33:41.618Z","Direct Detail URL: https://www.google.com/maps/place/Shere's+construction+%26+handyman/@37.072572,-94.505007,17z/data=!3m1!4b1!4m6!3m5!1s0x87c87b817ea6aaab:0x6140f628da017db4!8m2!3d37.072572!4d-94.505007!16s%2Fg%2F11f4_5j3ch?entry=ttu&g_ep=EgoyMDI2MDgzMC4wIKXMDSoASAFQAw%3D%3D","5","Missouri","1705 Ohio Ave","false","Shere’s Construction does amazing work.  I can’t recommend them enough.  They will take good care of all your needs.",,"Shere's construction & handyman","4.5",,"https://www.google.com/maps/search/?api=1&query=Shere's%20construction%20%26%20handyman&query_place_id=ChIJq6qmfoF7yIcRtH0B2ij2QGE",
"1705 Ohio Ave, Joplin, MO 64804","3818474682365387824","Handyman/Handywoman/Handyperson","Bathroom remodeler","Construction company","Deck builder","Dry wall contractor","Fence contractor","Flooring contractor","Kitchen remodeler","Painter","Plumber","Handyman/Handywoman/Handyperson","7007871675505147316","Joplin","US","0x87c87b817ea6aaab:0x6140f628da017db4",,"https://lh3.googleusercontent.com/gps-cs-s/AHRPTWnbAvVtx6M_o7f6ghNc9UEvBATC6196-qcpGP3DevpEhzC-_yhIzVvzg4qO0xLo4LcSXLKgDjVgafr3jzHKVRN3b6sGJHtS7Ky9_51D2O5QIwh9_BjJpZORBrESqWVoCuPl3ZqpE2G7BeCo=w426-h240-k-no","false","false","/g/11f4_5j3ch","en","0","37.072572","-94.505007","Shawn Kral",,"en","false","ChIJq6qmfoF7yIcRtH0B2ij2QGE","64804",,"2 years ago","2024-07-15T15:00:06.825Z",,"2024-07-15T15:51:43.000Z","Thank you Shawn it was awesome to meet you and your husband.  Anytime you and your family need any remodeling or repairs done , you know who you can count on , day or night we’re here to help in any way we possibly can. ",,,,,"ChdDSUhNMG9nS0VJQ0FnSURyakpYbTBBRRAB",,"Google","https://www.google.com/maps/reviews/data=!4m8!14m7!1m6!2m5!1sChdDSUhNMG9nS0VJQ0FnSURyakpYbTBBRRAB!2m1!1s0x0:0x6140f628da017db4!3m1!1s2@1:CIHM0ogKEICAgIDrjJXm0AE%7C%7C?hl=en","101886961693432116215","9","https://lh3.googleusercontent.com/a/ACg8ocLpIvZT5S_DMYkx3Y8OIQ2xCTCzZ83MiZazX5wmLwg3UXW0KA=s1920-c-rp-mo-br100","https://www.google.com/maps/contrib/101886961693432116215?hl=en","116","2026-09-02T04:33:41.618Z","Direct Detail URL: https://www.google.com/maps/place/Shere's+construction+%26+handyman/@37.072572,-94.505007,17z/data=!3m1!4b1!4m6!3m5!1s0x87c87b817ea6aaab:0x6140f628da017db4!8m2!3d37.072572!4d-94.505007!16s%2Fg%2F11f4_5j3ch?entry=ttu&g_ep=EgoyMDI2MDgzMC4wIKXMDSoASAFQAw%3D%3D","5","Missouri","1705 Ohio Ave","false","Made time to come on a Friday and Saturday to replace the hot water heater, alerted us to problems with our “New” roof and the things they didn’t do!!! I’ll be addressing. That soon with that company. Personable and great workers !",,"Shere's construction & handyman","4.5",,"https://www.google.com/maps/search/?api=1&query=Shere's%20construction%20%26%20handyman&query_place_id=ChIJq6qmfoF7yIcRtH0B2ij2QGE",
"1705 Ohio Ave, Joplin, MO 64804","3818474682365387824","Handyman/Handywoman/Handyperson","Bathroom remodeler","Construction company","Deck builder","Dry wall contractor","Fence contractor","Flooring contractor","Kitchen remodeler","Painter","Plumber","Handyman/Handywoman/Handyperson","7007871675505147316","Joplin","US","0x87c87b817ea6aaab:0x6140f628da017db4",,"https://lh3.googleusercontent.com/gps-cs-s/AHRPTWnbAvVtx6M_o7f6ghNc9UEvBATC6196-qcpGP3DevpEhzC-_yhIzVvzg4qO0xLo4LcSXLKgDjVgafr3jzHKVRN3b6sGJHtS7Ky9_51D2O5QIwh9_BjJpZORBrESqWVoCuPl3ZqpE2G7BeCo=w426-h240-k-no","false","true","/g/11f4_5j3ch","en","1","37.072572","-94.505007","Roneil Elbrader",,"en","false","ChIJq6qmfoF7yIcRtH0B2ij2QGE","64804",,"Edited 2 years ago","2024-07-14T09:45:36.952Z",,"2023-10-28T17:08:51.000Z","I showed up on time every day I told you I was available   All the trim was going to be installed the last day we were going to work that project but you didn’t want us to finish due to all the rain coming in then I get a text saying you don’t want us to finish any part of any of the jobs you contacted us to do because I couldn’t be there Monday so your assessment could be made for your refinancing of your home. The way you micro managed of the job definitely made it near impossible to work for  you 
We installed everything to spec   We went Step by step as gen told us to do. 
I’m not sure who’s Facebook your looking at but i haven’t posted anything about you etc 
I noticed you hadn’t mentioned the $600 in labor,  $75 of haul off fees, $35 in screws, $25 in 1x2s, $10 for electrical nuts and electrical tape that at this point is Left unpaid by you 
",,,,,"ChdDSUhNMG9nS0VJQ0FnSUNGX01HRW5nRRAB",,"Google","https://www.google.com/maps/reviews/data=!4m8!14m7!1m6!2m5!1sChdDSUhNMG9nS0VJQ0FnSUNGX01HRW5nRRAB!2m1!1s0x0:0x6140f628da017db4!3m1!1s2@1:CIHM0ogKEICAgICF_MGEngE%7C%7C?hl=en","107366125677741547188","24","https://lh3.googleusercontent.com/a-/ALV-UjWS_rkHrUxvbvudc5_gqdAS2mgv_IxP9wKtbe0O9VmhqtjHbgu3qg=s1920-c-rp-mo-ba12-br100","https://www.google.com/maps/contrib/107366125677741547188?hl=en","116","2026-09-02T04:33:41.618Z","Direct Detail URL: https://www.google.com/maps/place/Shere's+construction+%26+handyman/@37.072572,-94.505007,17z/data=!3m1!4b1!4m6!3m5!1s0x87c87b817ea6aaab:0x6140f628da017db4!8m2!3d37.072572!4d-94.505007!16s%2Fg%2F11f4_5j3ch?entry=ttu&g_ep=EgoyMDI2MDgzMC4wIKXMDSoASAFQAw%3D%3D","1","Missouri","1705 Ohio Ave","false","The owner didn't show up or kept putting off working on my projects all the time to work on other job sites. He didn't finish the trim on my new front and back doors that I had them install. He improperly put up my GenStone wainscoting that would have voided my warranty, so I had to take it all down and redo it myself. I ended up letting him go, but he posted photos the following day on his Facebook page stating the job was completed, which is fraudulent advertising, and he did not get my permission to post photos of my house he took on private property. I'm in the process of requesting him to take down those photos. If you're looking for a qualified handyman, I'd look elsewhere.
Edit: The contractor denies ever posting photos of my unfinished project, which violates Section 512(c) of the DMCA. He has since removed the photos but has now stated I still owe him for further labor, materials, and services that remain unpaid. I have all the receipts for the paid labor and materials, so I have no idea what he is referring to. Like I've stated before, if you're looking for a reputable contractor, look elsewhere. The owner is very unprofessional, to say the least. The only reason there are so many 5-Star ratings for this business is that he'll give you a discount if you give him a good review on Google Maps.",,"Shere's construction & handyman","4.5",,"https://www.google.com/maps/search/?api=1&query=Shere's%20construction%20%26%20handyman&query_place_id=ChIJq6qmfoF7yIcRtH0B2ij2QGE",
"1705 Ohio Ave, Joplin, MO 64804","3818474682365387824","Handyman/Handywoman/Handyperson","Bathroom remodeler","Construction company","Deck builder","Dry wall contractor","Fence contractor","Flooring contractor","Kitchen remodeler","Painter","Plumber","Handyman/Handywoman/Handyperson","7007871675505147316","Joplin","US","0x87c87b817ea6aaab:0x6140f628da017db4",,"https://lh3.googleusercontent.com/gps-cs-s/AHRPTWnbAvVtx6M_o7f6ghNc9UEvBATC6196-qcpGP3DevpEhzC-_yhIzVvzg4qO0xLo4LcSXLKgDjVgafr3jzHKVRN3b6sGJHtS7Ky9_51D2O5QIwh9_BjJpZORBrESqWVoCuPl3ZqpE2G7BeCo=w426-h240-k-no","false","false","/g/11f4_5j3ch","en","0","37.072572","-94.505007","Jeramy Hazelwood",,"en","false","ChIJq6qmfoF7yIcRtH0B2ij2QGE","64804",,"2 years ago","2024-07-13T20:21:55.944Z",,"2024-07-14T02:01:28.000Z","Thank you Jeramy from all of us here at SCH!
We look forward to working with you and your family on all your home remodeling and repairs needs.   ",,,,,"ChdDSUhNMG9nS0VJQ0FnSURycU5Qa2xRRRAB",,"Google","https://www.google.com/maps/reviews/data=!4m8!14m7!1m6!2m5!1sChdDSUhNMG9nS0VJQ0FnSURycU5Qa2xRRRAB!2m1!1s0x0:0x6140f628da017db4!3m1!1s2@1:CIHM0ogKEICAgIDrqNPklQE%7C%7C?hl=en","101178446811486368167","4","https://lh3.googleusercontent.com/a/ACg8ocJ-gcdvad7fQvxUhH4ZaZWwArhsKoYwFKporxTbA9Rv4SiU=s1920-c-rp-mo-br100","https://www.google.com/maps/contrib/101178446811486368167?hl=en","116","2026-09-02T04:33:41.618Z","Direct Detail URL: https://www.google.com/maps/place/Shere's+construction+%26+handyman/@37.072572,-94.505007,17z/data=!3m1!4b1!4m6!3m5!1s0x87c87b817ea6aaab:0x6140f628da017db4!8m2!3d37.072572!4d-94.505007!16s%2Fg%2F11f4_5j3ch?entry=ttu&g_ep=EgoyMDI2MDgzMC4wIKXMDSoASAFQAw%3D%3D","5","Missouri","1705 Ohio Ave","false","Keaton was here on time he went over everything he recommended be done. He was completely upfront with cost part cost and labor. The job was completed in the time he allotted for it . Service was completely professional form beginning to end . Definitely will have him back for any further projects",,"Shere's construction & handyman","4.5",,"https://www.google.com/maps/search/?api=1&query=Shere's%20construction%20%26%20handyman&query_place_id=ChIJq6qmfoF7yIcRtH0B2ij2QGE",
"1705 Ohio Ave, Joplin, MO 64804","3818474682365387824","Handyman/Handywoman/Handyperson","Bathroom remodeler","Construction company","Deck builder","Dry wall contractor","Fence contractor","Flooring contractor","Kitchen remodeler","Painter","Plumber","Handyman/Handywoman/Handyperson","7007871675505147316","Joplin","US","0x87c87b817ea6aaab:0x6140f628da017db4",,"https://lh3.googleusercontent.com/gps-cs-s/AHRPTWnbAvVtx6M_o7f6ghNc9UEvBATC6196-qcpGP3DevpEhzC-_yhIzVvzg4qO0xLo4LcSXLKgDjVgafr3jzHKVRN3b6sGJHtS7Ky9_51D2O5QIwh9_BjJpZORBrESqWVoCuPl3ZqpE2G7BeCo=w426-h240-k-no","false","false","/g/11f4_5j3ch","en","0","37.072572","-94.505007","Kerri Greenup",,,"false","ChIJq6qmfoF7yIcRtH0B2ij2QGE","64804",,"2 years ago","2024-06-27T14:20:56.361Z",,"2024-07-03T19:46:54.000Z","Thank you Kerri for the 5 ⭐️ review means a lot to each and everyone of us here at SCH !
",,,,,"ChdDSUhNMG9nS0VJQ0FnSURMbHQybTV3RRAB",,"Google","https://www.google.com/maps/reviews/data=!4m8!14m7!1m6!2m5!1sChdDSUhNMG9nS0VJQ0FnSURMbHQybTV3RRAB!2m1!1s0x0:0x6140f628da017db4!3m1!1s2@1:CIHM0ogKEICAgIDLlt2m5wE%7C%7C?hl=en","102843699660753029512","1","https://lh3.googleusercontent.com/a-/ALV-UjUJN7sQSUJTFuGkXQlm7NWjeGTYsMmEXCutZWmRjk0Arfs8baKsXA=s1920-c-rp-mo-br100","https://www.google.com/maps/contrib/102843699660753029512?hl=en","116","2026-09-02T04:33:41.618Z","Direct Detail URL: https://www.google.com/maps/place/Shere's+construction+%26+handyman/@37.072572,-94.505007,17z/data=!3m1!4b1!4m6!3m5!1s0x87c87b817ea6aaab:0x6140f628da017db4!8m2!3d37.072572!4d-94.505007!16s%2Fg%2F11f4_5j3ch?entry=ttu&g_ep=EgoyMDI2MDgzMC4wIKXMDSoASAFQAw%3D%3D","5","Missouri","1705 Ohio Ave","false",,,"Shere's construction & handyman","4.5",,"https://www.google.com/maps/search/?api=1&query=Shere's%20construction%20%26%20handyman&query_place_id=ChIJq6qmfoF7yIcRtH0B2ij2QGE",
"1705 Ohio Ave, Joplin, MO 64804","3818474682365387824","Handyman/Handywoman/Handyperson","Bathroom remodeler","Construction company","Deck builder","Dry wall contractor","Fence contractor","Flooring contractor","Kitchen remodeler","Painter","Plumber","Handyman/Handywoman/Handyperson","7007871675505147316","Joplin","US","0x87c87b817ea6aaab:0x6140f628da017db4",,"https://lh3.googleusercontent.com/gps-cs-s/AHRPTWnbAvVtx6M_o7f6ghNc9UEvBATC6196-qcpGP3DevpEhzC-_yhIzVvzg4qO0xLo4LcSXLKgDjVgafr3jzHKVRN3b6sGJHtS7Ky9_51D2O5QIwh9_BjJpZORBrESqWVoCuPl3ZqpE2G7BeCo=w426-h240-k-no","false","false","/g/11f4_5j3ch","en","0","37.072572","-94.505007","Cameron May",,"en","false","ChIJq6qmfoF7yIcRtH0B2ij2QGE","64804",,"2 years ago","2024-06-27T14:20:39.855Z",,"2024-07-03T19:45:26.000Z","Thank you Cameron ,glad we could help.Anytime you or anyone you no needs any remodeling or repairs done you no who you can count on !


#TeamSCH ",,,,,"ChZDSUhNMG9nS0VJQ0FnSURMbHAyZERBEAE",,"Google","https://www.google.com/maps/reviews/data=!4m8!14m7!1m6!2m5!1sChZDSUhNMG9nS0VJQ0FnSURMbHAyZERBEAE!2m1!1s0x0:0x6140f628da017db4!3m1!1s2@1:CIHM0ogKEICAgIDLlp2dDA%7C%7C?hl=en","115954196430509645343","10","https://lh3.googleusercontent.com/a/ACg8ocLVSIXwJIgY0VsGfrKicgcDt_MLiF8tesLpVsPhNSBJg-x8Fg=s1920-c-rp-mo-br100","https://www.google.com/maps/contrib/115954196430509645343?hl=en","116","2026-09-02T04:33:41.618Z","Direct Detail URL: https://www.google.com/maps/place/Shere's+construction+%26+handyman/@37.072572,-94.505007,17z/data=!3m1!4b1!4m6!3m5!1s0x87c87b817ea6aaab:0x6140f628da017db4!8m2!3d37.072572!4d-94.505007!16s%2Fg%2F11f4_5j3ch?entry=ttu&g_ep=EgoyMDI2MDgzMC4wIKXMDSoASAFQAw%3D%3D","5","Missouri","1705 Ohio Ave","false","Great group of guys that do amazing work. We highly recommend",,"Shere's construction & handyman","4.5",,"https://www.google.com/maps/search/?api=1&query=Shere's%20construction%20%26%20handyman&query_place_id=ChIJq6qmfoF7yIcRtH0B2ij2QGE",
"1705 Ohio Ave, Joplin, MO 64804","3818474682365387824","Handyman/Handywoman/Handyperson","Bathroom remodeler","Construction company","Deck builder","Dry wall contractor","Fence contractor","Flooring contractor","Kitchen remodeler","Painter","Plumber","Handyman/Handywoman/Handyperson","7007871675505147316","Joplin","US","0x87c87b817ea6aaab:0x6140f628da017db4",,"https://lh3.googleusercontent.com/gps-cs-s/AHRPTWnbAvVtx6M_o7f6ghNc9UEvBATC6196-qcpGP3DevpEhzC-_yhIzVvzg4qO0xLo4LcSXLKgDjVgafr3jzHKVRN3b6sGJHtS7Ky9_51D2O5QIwh9_BjJpZORBrESqWVoCuPl3ZqpE2G7BeCo=w426-h240-k-no","false","false","/g/11f4_5j3ch","en","0","37.072572","-94.505007","Diana West",,"en","false","ChIJq6qmfoF7yIcRtH0B2ij2QGE","64804",,"2 years ago","2024-06-21T14:06:21.610Z",,"2024-06-21T20:56:57.000Z","Thank you Diana it was our pleasure, we look forward to getting to work for you again in the future. ",,,,,"ChdDSUhNMG9nS0VJQ0FnSUNMaGYzZF9BRRAB",,"Google","https://www.google.com/maps/reviews/data=!4m8!14m7!1m6!2m5!1sChdDSUhNMG9nS0VJQ0FnSUNMaGYzZF9BRRAB!2m1!1s0x0:0x6140f628da017db4!3m1!1s2@1:CIHM0ogKEICAgICLhf3d_AE%7C%7C?hl=en","111446954769065367839","8","https://lh3.googleusercontent.com/a/ACg8ocLBpCeeyoqWX8IDEgVTLl-dyuWcrh9meQwYSxD4120TDOiYUg=s1920-c-rp-mo-br100","https://www.google.com/maps/contrib/111446954769065367839?hl=en","116","2026-09-02T04:33:41.618Z","Direct Detail URL: https://www.google.com/maps/place/Shere's+construction+%26+handyman/@37.072572,-94.505007,17z/data=!3m1!4b1!4m6!3m5!1s0x87c87b817ea6aaab:0x6140f628da017db4!8m2!3d37.072572!4d-94.505007!16s%2Fg%2F11f4_5j3ch?entry=ttu&g_ep=EgoyMDI2MDgzMC4wIKXMDSoASAFQAw%3D%3D","5","Missouri","1705 Ohio Ave","false","Showed up for estimate and work on time. Completed project for estimated cost. Pleased.",,"Shere's construction & handyman","4.5",,"https://www.google.com/maps/search/?api=1&query=Shere's%20construction%20%26%20handyman&query_place_id=ChIJq6qmfoF7yIcRtH0B2ij2QGE",
"1705 Ohio Ave, Joplin, MO 64804","3818474682365387824","Handyman/Handywoman/Handyperson","Bathroom remodeler","Construction company","Deck builder","Dry wall contractor","Fence contractor","Flooring contractor","Kitchen remodeler","Painter","Plumber","Handyman/Handywoman/Handyperson","7007871675505147316","Joplin","US","0x87c87b817ea6aaab:0x6140f628da017db4",,"https://lh3.googleusercontent.com/gps-cs-s/AHRPTWnbAvVtx6M_o7f6ghNc9UEvBATC6196-qcpGP3DevpEhzC-_yhIzVvzg4qO0xLo4LcSXLKgDjVgafr3jzHKVRN3b6sGJHtS7Ky9_51D2O5QIwh9_BjJpZORBrESqWVoCuPl3ZqpE2G7BeCo=w426-h240-k-no","false","false","/g/11f4_5j3ch","en","0","37.072572","-94.505007","Nancy Thompson",,"en","false","ChIJq6qmfoF7yIcRtH0B2ij2QGE","64804",,"2 years ago","2024-04-05T17:14:53.326Z",,"2024-04-05T19:39:01.000Z","Thank you Nancy  for trusting us here at SCH to work on and repair your gorgeous hundred year old home.  We look forward to working with you again in the future. 
",,,,,"ChdDSUhNMG9nS0VJQ0FnSUREeE96eXlRRRAB",,"Google","https://www.google.com/maps/reviews/data=!4m8!14m7!1m6!2m5!1sChdDSUhNMG9nS0VJQ0FnSUREeE96eXlRRRAB!2m1!1s0x0:0x6140f628da017db4!3m1!1s2@1:CIHM0ogKEICAgIDDxOzyyQE%7C%7C?hl=en","112395261403889377107","9","https://lh3.googleusercontent.com/a-/ALV-UjV4LZ9AusZM44cKN6OoP_1MKP9scBlkZrqaVizot2EVMMg3J8g=s1920-c-rp-mo-br100","https://www.google.com/maps/contrib/112395261403889377107?hl=en","116","2026-09-02T04:33:41.618Z","Direct Detail URL: https://www.google.com/maps/place/Shere's+construction+%26+handyman/@37.072572,-94.505007,17z/data=!3m1!4b1!4m6!3m5!1s0x87c87b817ea6aaab:0x6140f628da017db4!8m2!3d37.072572!4d-94.505007!16s%2Fg%2F11f4_5j3ch?entry=ttu&g_ep=EgoyMDI2MDgzMC4wIKXMDSoASAFQAw%3D%3D","5","Missouri","1705 Ohio Ave","false","Quality work, great pricing and awesome communication. Can’t go wrong with Shere’s services.",,"Shere's construction & handyman","4.5",,"https://www.google.com/maps/search/?api=1&query=Shere's%20construction%20%26%20handyman&query_place_id=ChIJq6qmfoF7yIcRtH0B2ij2QGE",
"1705 Ohio Ave, Joplin, MO 64804","3818474682365387824","Handyman/Handywoman/Handyperson","Bathroom remodeler","Construction company","Deck builder","Dry wall contractor","Fence contractor","Flooring contractor","Kitchen remodeler","Painter","Plumber","Handyman/Handywoman/Handyperson","7007871675505147316","Joplin","US","0x87c87b817ea6aaab:0x6140f628da017db4",,"https://lh3.googleusercontent.com/gps-cs-s/AHRPTWnbAvVtx6M_o7f6ghNc9UEvBATC6196-qcpGP3DevpEhzC-_yhIzVvzg4qO0xLo4LcSXLKgDjVgafr3jzHKVRN3b6sGJHtS7Ky9_51D2O5QIwh9_BjJpZORBrESqWVoCuPl3ZqpE2G7BeCo=w426-h240-k-no","false","true","/g/11f4_5j3ch","en","0","37.072572","-94.505007","Scott Watson",,"en","false","ChIJq6qmfoF7yIcRtH0B2ij2QGE","64804",,"Edited 2 years ago","2024-03-17T02:31:36.399Z",,"2024-04-02T20:13:49.000Z","Thank you Scott for all your repeat business,
It’s an honor to be trusted to work on your beautiful home and property.  ",,"Responsiveness, Punctuality, Quality, Professionalism, Value",,"Outdoor plumbing system repair","ChZDSUhNMG9nS0VJQ0FnSURoNGZfbklBEAE",,"Google","https://www.google.com/maps/reviews/data=!4m8!14m7!1m6!2m5!1sChZDSUhNMG9nS0VJQ0FnSURoNGZfbklBEAE!2m1!1s0x0:0x6140f628da017db4!3m1!1s2@1:CIHM0ogKEICAgIDh4f_nIA%7C%7C?hl=en","105829245729121975114","16","https://lh3.googleusercontent.com/a/ACg8ocI3G--KZqOQL8eRhGtu58AA-oHo1t-sEbOWfwffE0sEP4eqjA=s1920-c-rp-mo-ba12-br100","https://www.google.com/maps/contrib/105829245729121975114?hl=en","116","2026-09-02T04:33:41.618Z","Direct Detail URL: https://www.google.com/maps/place/Shere's+construction+%26+handyman/@37.072572,-94.505007,17z/data=!3m1!4b1!4m6!3m5!1s0x87c87b817ea6aaab:0x6140f628da017db4!8m2!3d37.072572!4d-94.505007!16s%2Fg%2F11f4_5j3ch?entry=ttu&g_ep=EgoyMDI2MDgzMC4wIKXMDSoASAFQAw%3D%3D","5","Missouri","1705 Ohio Ave","false","Keaton did excellent work and came in under budget. He is very responsive in his communication. He was on time. He was aware of doing his best to preserve our established landscape. He installed a pop up valve for us. We will be hiring him again.",,"Shere's construction & handyman","4.5",,"https://www.google.com/maps/search/?api=1&query=Shere's%20construction%20%26%20handyman&query_place_id=ChIJq6qmfoF7yIcRtH0B2ij2QGE",
"1705 Ohio Ave, Joplin, MO 64804","3818474682365387824","Handyman/Handywoman/Handyperson","Bathroom remodeler","Construction company","Deck builder","Dry wall contractor","Fence contractor","Flooring contractor","Kitchen remodeler","Painter","Plumber","Handyman/Handywoman/Handyperson","7007871675505147316","Joplin","US","0x87c87b817ea6aaab:0x6140f628da017db4",,"https://lh3.googleusercontent.com/gps-cs-s/AHRPTWnbAvVtx6M_o7f6ghNc9UEvBATC6196-qcpGP3DevpEhzC-_yhIzVvzg4qO0xLo4LcSXLKgDjVgafr3jzHKVRN3b6sGJHtS7Ky9_51D2O5QIwh9_BjJpZORBrESqWVoCuPl3ZqpE2G7BeCo=w426-h240-k-no","false","false","/g/11f4_5j3ch","en","0","37.072572","-94.505007","Steve Stockam",,"en","false","ChIJq6qmfoF7yIcRtH0B2ij2QGE","64804",,"2 years ago","2024-02-28T03:59:30.988Z",,"2024-02-28T11:51:51.000Z","Thank you Steve. I’m glad we could help you and your father out.  If you guys ever need anything else , please don’t hesitate to give us a call.   ",,,,,"ChdDSUhNMG9nS0VJQ0FnSURkcC1peS13RRAB",,"Google","https://www.google.com/maps/reviews/data=!4m8!14m7!1m6!2m5!1sChdDSUhNMG9nS0VJQ0FnSURkcC1peS13RRAB!2m1!1s0x0:0x6140f628da017db4!3m1!1s2@1:CIHM0ogKEICAgIDdp-iy-wE%7C%7C?hl=en","118182860256037808194","7","https://lh3.googleusercontent.com/a/ACg8ocLhvpnMDBpS38aWIx2zYPgJbd4jj5NaG6M1fLRadaZrHO2SoQ=s1920-c-rp-mo-br100","https://www.google.com/maps/contrib/118182860256037808194?hl=en","116","2026-09-02T04:33:41.618Z","Direct Detail URL: https://www.google.com/maps/place/Shere's+construction+%26+handyman/@37.072572,-94.505007,17z/data=!3m1!4b1!4m6!3m5!1s0x87c87b817ea6aaab:0x6140f628da017db4!8m2!3d37.072572!4d-94.505007!16s%2Fg%2F11f4_5j3ch?entry=ttu&g_ep=EgoyMDI2MDgzMC4wIKXMDSoASAFQAw%3D%3D","5","Missouri","1705 Ohio Ave","false","I can’t say enough good things about these guys…responsive, great communication, really saved the day. I highly recommend them for all those household repairs!",,"Shere's construction & handyman","4.5",,"https://www.google.com/maps/search/?api=1&query=Shere's%20construction%20%26%20handyman&query_place_id=ChIJq6qmfoF7yIcRtH0B2ij2QGE",
"1705 Ohio Ave, Joplin, MO 64804","3818474682365387824","Handyman/Handywoman/Handyperson","Bathroom remodeler","Construction company","Deck builder","Dry wall contractor","Fence contractor","Flooring contractor","Kitchen remodeler","Painter","Plumber","Handyman/Handywoman/Handyperson","7007871675505147316","Joplin","US","0x87c87b817ea6aaab:0x6140f628da017db4",,"https://lh3.googleusercontent.com/gps-cs-s/AHRPTWnbAvVtx6M_o7f6ghNc9UEvBATC6196-qcpGP3DevpEhzC-_yhIzVvzg4qO0xLo4LcSXLKgDjVgafr3jzHKVRN3b6sGJHtS7Ky9_51D2O5QIwh9_BjJpZORBrESqWVoCuPl3ZqpE2G7BeCo=w426-h240-k-no","false","false","/g/11f4_5j3ch","en","0","37.072572","-94.505007","rama challapalli sri",,"en","false","ChIJq6qmfoF7yIcRtH0B2ij2QGE","64804",,"3 years ago","2023-08-24T18:07:38.393Z",,"2023-08-25T16:03:59.000Z","Thank you Rama for all your repeat business.  ",,"Responsiveness, Punctuality, Quality, Professionalism, Value",,"Sewer repair, Service not listed","ChZDSUhNMG9nS0VJQ0FnSURwNllIWWZBEAE",,"Google","https://www.google.com/maps/reviews/data=!4m8!14m7!1m6!2m5!1sChZDSUhNMG9nS0VJQ0FnSURwNllIWWZBEAE!2m1!1s0x0:0x6140f628da017db4!3m1!1s2@1:CIHM0ogKEICAgIDp6YHYfA%7C%7C?hl=en","110300847109441352970","1","https://lh3.googleusercontent.com/a/ACg8ocL5F1TyXObV-K8RpwKPF7x70sYXFucnu0eb4gfVTNYDjSMeAQ=s1920-c-rp-mo-br100","https://www.google.com/maps/contrib/110300847109441352970?hl=en","116","2026-09-02T04:33:41.618Z","Direct Detail URL: https://www.google.com/maps/place/Shere's+construction+%26+handyman/@37.072572,-94.505007,17z/data=!3m1!4b1!4m6!3m5!1s0x87c87b817ea6aaab:0x6140f628da017db4!8m2!3d37.072572!4d-94.505007!16s%2Fg%2F11f4_5j3ch?entry=ttu&g_ep=EgoyMDI2MDgzMC4wIKXMDSoASAFQAw%3D%3D","5","Missouri","1705 Ohio Ave","false","I had sewer line repair and mold restoration done by Keaton and he did an excellent job in timely  professional manner.",,"Shere's construction & handyman","4.5",,"https://www.google.com/maps/search/?api=1&query=Shere's%20construction%20%26%20handyman&query_place_id=ChIJq6qmfoF7yIcRtH0B2ij2QGE",
"1705 Ohio Ave, Joplin, MO 64804","3818474682365387824","Handyman/Handywoman/Handyperson","Bathroom remodeler","Construction company","Deck builder","Dry wall contractor","Fence contractor","Flooring contractor","Kitchen remodeler","Painter","Plumber","Handyman/Handywoman/Handyperson","7007871675505147316","Joplin","US","0x87c87b817ea6aaab:0x6140f628da017db4",,"https://lh3.googleusercontent.com/gps-cs-s/AHRPTWnbAvVtx6M_o7f6ghNc9UEvBATC6196-qcpGP3DevpEhzC-_yhIzVvzg4qO0xLo4LcSXLKgDjVgafr3jzHKVRN3b6sGJHtS7Ky9_51D2O5QIwh9_BjJpZORBrESqWVoCuPl3ZqpE2G7BeCo=w426-h240-k-no","false","true","/g/11f4_5j3ch","en","3","37.072572","-94.505007","Kevin Schroer",,"en","false","ChIJq6qmfoF7yIcRtH0B2ij2QGE","64804",,"3 years ago","2023-08-01T14:28:21.613Z",,"2023-08-01T08:32:15.000Z","I never said anything about special pricing , what I had told you was I was waiting on our disturber to get back with me on pricing for the materials. You didn’t want to wait for them to get back with me because your moving situation etc.  so I bid it off homedepots website,  
What I sent you was a rough estimate just like you wanted ,til the actual costs came in  from our distributor. ",,,,,"ChZDSUhNMG9nS0VJQ0FnSUNwc29xM1lREAE",,"Google","https://www.google.com/maps/reviews/data=!4m8!14m7!1m6!2m5!1sChZDSUhNMG9nS0VJQ0FnSUNwc29xM1lREAE!2m1!1s0x0:0x6140f628da017db4!3m1!1s2@1:CIHM0ogKEICAgICpsoq3YQ%7C%7C?hl=en","101927608202848139440","45","https://lh3.googleusercontent.com/a/ACg8ocLDG2IZCbdf0GE6KWJ7o2xqASvMpPnz5xbZagBiA-mPobLTew=s1920-c-rp-mo-ba12-br100","https://www.google.com/maps/contrib/101927608202848139440?hl=en","116","2026-09-02T04:33:41.618Z","Direct Detail URL: https://www.google.com/maps/place/Shere's+construction+%26+handyman/@37.072572,-94.505007,17z/data=!3m1!4b1!4m6!3m5!1s0x87c87b817ea6aaab:0x6140f628da017db4!8m2!3d37.072572!4d-94.505007!16s%2Fg%2F11f4_5j3ch?entry=ttu&g_ep=EgoyMDI2MDgzMC4wIKXMDSoASAFQAw%3D%3D","1","Missouri","1705 Ohio Ave","false","Unfortunately I can't recommend Shere's. Keaton came out to give us a bid on our floors and was very friendly. We waited about a week for his bid because he said he was getting ""special"" pricing on the materials. The special pricing on the materials was $3650.00, plus $5000.00 labor. I looked into the materials and they should have been WELL under $1000.00. We had the floors done by another company and they turned out beautifully for $4500.00 total.
You specifically said you were going to get a special pricing quote from Home Depot and got a discount from them. Honesty is obviously not one of your priorities. Everything I said is 100% accurate and I have a witness to it.",,"Shere's construction & handyman","4.5",,"https://www.google.com/maps/search/?api=1&query=Shere's%20construction%20%26%20handyman&query_place_id=ChIJq6qmfoF7yIcRtH0B2ij2QGE",
"1705 Ohio Ave, Joplin, MO 64804","3818474682365387824","Handyman/Handywoman/Handyperson","Bathroom remodeler","Construction company","Deck builder","Dry wall contractor","Fence contractor","Flooring contractor","Kitchen remodeler","Painter","Plumber","Handyman/Handywoman/Handyperson","7007871675505147316","Joplin","US","0x87c87b817ea6aaab:0x6140f628da017db4",,"https://lh3.googleusercontent.com/gps-cs-s/AHRPTWnbAvVtx6M_o7f6ghNc9UEvBATC6196-qcpGP3DevpEhzC-_yhIzVvzg4qO0xLo4LcSXLKgDjVgafr3jzHKVRN3b6sGJHtS7Ky9_51D2O5QIwh9_BjJpZORBrESqWVoCuPl3ZqpE2G7BeCo=w426-h240-k-no","false","false","/g/11f4_5j3ch","en","0","37.072572","-94.505007","Gavin Maynard",,"en","false","ChIJq6qmfoF7yIcRtH0B2ij2QGE","64804",,"3 years ago","2023-07-13T01:29:25.025Z",,"2023-07-13T01:46:59.000Z","Thank you Gavin,  glad I could help you all out.  Feel free to give us a shout anytime !",,"Responsiveness, Quality, Professionalism, Value",,,"ChZDSUhNMG9nS0VJQ0FnSURKdkpXRUxnEAE",,"Google","https://www.google.com/maps/reviews/data=!4m8!14m7!1m6!2m5!1sChZDSUhNMG9nS0VJQ0FnSURKdkpXRUxnEAE!2m1!1s0x0:0x6140f628da017db4!3m1!1s2@1:CIHM0ogKEICAgIDJvJWELg%7C%7C?hl=en","102289811375886179076","4","https://lh3.googleusercontent.com/a-/ALV-UjWA69Yw4knPwWThB-qitGOzUsjUwm0pIVTSj0mvTxSo4eTUrVQ5=s1920-c-rp-mo-br100","https://www.google.com/maps/contrib/102289811375886179076?hl=en","116","2026-09-02T04:33:41.618Z","Direct Detail URL: https://www.google.com/maps/place/Shere's+construction+%26+handyman/@37.072572,-94.505007,17z/data=!3m1!4b1!4m6!3m5!1s0x87c87b817ea6aaab:0x6140f628da017db4!8m2!3d37.072572!4d-94.505007!16s%2Fg%2F11f4_5j3ch?entry=ttu&g_ep=EgoyMDI2MDgzMC4wIKXMDSoASAFQAw%3D%3D","5","Missouri","1705 Ohio Ave","false","Keaton got with me asap on a window I was needing repaired and was able to come out and get done in no time, awesome standup guy that doesn’t hold back on the honesty, hard to find the quality and help that these folks provide, will be going through them for future projects no doubt, I’d 10/10 recommend SHL if you are looking for work done you can’t do yourself!!!",,"Shere's construction & handyman","4.5",,"https://www.google.com/maps/search/?api=1&query=Shere's%20construction%20%26%20handyman&query_place_id=ChIJq6qmfoF7yIcRtH0B2ij2QGE",
"1705 Ohio Ave, Joplin, MO 64804","3818474682365387824","Handyman/Handywoman/Handyperson","Bathroom remodeler","Construction company","Deck builder","Dry wall contractor","Fence contractor","Flooring contractor","Kitchen remodeler","Painter","Plumber","Handyman/Handywoman/Handyperson","7007871675505147316","Joplin","US","0x87c87b817ea6aaab:0x6140f628da017db4",,"https://lh3.googleusercontent.com/gps-cs-s/AHRPTWnbAvVtx6M_o7f6ghNc9UEvBATC6196-qcpGP3DevpEhzC-_yhIzVvzg4qO0xLo4LcSXLKgDjVgafr3jzHKVRN3b6sGJHtS7Ky9_51D2O5QIwh9_BjJpZORBrESqWVoCuPl3ZqpE2G7BeCo=w426-h240-k-no","false","true","/g/11f4_5j3ch","en","1","37.072572","-94.505007","Carriebeth Mandrell",,"en","false","ChIJq6qmfoF7yIcRtH0B2ij2QGE","64804",,"3 years ago","2023-04-26T15:32:28.990Z",,"2023-04-28T19:14:55.000Z","With all the scam calls we get daily,when I miss a call I’ll only return calls to people who leave a voicemail",,,,,"ChZDSUhNMG9nS0VJQ0FnSURSZ2FLcE1nEAE",,"Google","https://www.google.com/maps/reviews/data=!4m8!14m7!1m6!2m5!1sChZDSUhNMG9nS0VJQ0FnSURSZ2FLcE1nEAE!2m1!1s0x0:0x6140f628da017db4!3m1!1s2@1:CIHM0ogKEICAgIDRgaKpMg%7C%7C?hl=en","109440762769676374004","213","https://lh3.googleusercontent.com/a-/ALV-UjVFQ2yn7F9_47DlBKVzDP6Km145UFRwukkGEQsnapyyI6N1akw=s1920-c-rp-mo-ba12-br100","https://www.google.com/maps/contrib/109440762769676374004?hl=en","116","2026-09-02T04:33:41.618Z","Direct Detail URL: https://www.google.com/maps/place/Shere's+construction+%26+handyman/@37.072572,-94.505007,17z/data=!3m1!4b1!4m6!3m5!1s0x87c87b817ea6aaab:0x6140f628da017db4!8m2!3d37.072572!4d-94.505007!16s%2Fg%2F11f4_5j3ch?entry=ttu&g_ep=EgoyMDI2MDgzMC4wIKXMDSoASAFQAw%3D%3D","1","Missouri","1705 Ohio Ave","false","Never returned my call. Obviously don't need new customers",,"Shere's construction & handyman","4.5",,"https://www.google.com/maps/search/?api=1&query=Shere's%20construction%20%26%20handyman&query_place_id=ChIJq6qmfoF7yIcRtH0B2ij2QGE",
"1705 Ohio Ave, Joplin, MO 64804","3818474682365387824","Handyman/Handywoman/Handyperson","Bathroom remodeler","Construction company","Deck builder","Dry wall contractor","Fence contractor","Flooring contractor","Kitchen remodeler","Painter","Plumber","Handyman/Handywoman/Handyperson","7007871675505147316","Joplin","US","0x87c87b817ea6aaab:0x6140f628da017db4",,"https://lh3.googleusercontent.com/gps-cs-s/AHRPTWnbAvVtx6M_o7f6ghNc9UEvBATC6196-qcpGP3DevpEhzC-_yhIzVvzg4qO0xLo4LcSXLKgDjVgafr3jzHKVRN3b6sGJHtS7Ky9_51D2O5QIwh9_BjJpZORBrESqWVoCuPl3ZqpE2G7BeCo=w426-h240-k-no","false","false","/g/11f4_5j3ch","en","0","37.072572","-94.505007","Barb Smith",,"en","false","ChIJq6qmfoF7yIcRtH0B2ij2QGE","64804",,"3 years ago","2023-03-30T16:03:53.224Z",,"2023-03-31T00:08:42.000Z","
It was an honor to get to repair your home.  you were very easy to communicate with , which in return made each process for your home repairs easier to get completed 
Thank you barb !
",,"Punctuality, Quality, Professionalism",,"General construction, Plumbing leak detection, General repairs, Home maintenance & repairs, Drywall repair, Outdoor plumbing system repair, Plumbing pipe repair, Sewer repair, Roof repair","ChdDSUhNMG9nS0VJQ0FnSUNSMnJDTXBnRRAB",,"Google","https://www.google.com/maps/reviews/data=!4m8!14m7!1m6!2m5!1sChdDSUhNMG9nS0VJQ0FnSUNSMnJDTXBnRRAB!2m1!1s0x0:0x6140f628da017db4!3m1!1s2@1:CIHM0ogKEICAgICR2rCMpgE%7C%7C?hl=en","102575882175708509937","4","https://lh3.googleusercontent.com/a-/ALV-UjXNtfZNnOfWoajSS43h7SPFEdjaOlzBIctgZgKuio-StDy9KfQ=s1920-c-rp-mo-br100","https://www.google.com/maps/contrib/102575882175708509937?hl=en","116","2026-09-02T04:33:41.618Z","Direct Detail URL: https://www.google.com/maps/place/Shere's+construction+%26+handyman/@37.072572,-94.505007,17z/data=!3m1!4b1!4m6!3m5!1s0x87c87b817ea6aaab:0x6140f628da017db4!8m2!3d37.072572!4d-94.505007!16s%2Fg%2F11f4_5j3ch?entry=ttu&g_ep=EgoyMDI2MDgzMC4wIKXMDSoASAFQAw%3D%3D","5","Missouri","1705 Ohio Ave","false","Keaton was professional, courteous and friendly. He did extra stuff (always a plus!), and I was very impressed with his and his associate’s work.",,"Shere's construction & handyman","4.5",,"https://www.google.com/maps/search/?api=1&query=Shere's%20construction%20%26%20handyman&query_place_id=ChIJq6qmfoF7yIcRtH0B2ij2QGE",
"1705 Ohio Ave, Joplin, MO 64804","3818474682365387824","Handyman/Handywoman/Handyperson","Bathroom remodeler","Construction company","Deck builder","Dry wall contractor","Fence contractor","Flooring contractor","Kitchen remodeler","Painter","Plumber","Handyman/Handywoman/Handyperson","7007871675505147316","Joplin","US","0x87c87b817ea6aaab:0x6140f628da017db4",,"https://lh3.googleusercontent.com/gps-cs-s/AHRPTWnbAvVtx6M_o7f6ghNc9UEvBATC6196-qcpGP3DevpEhzC-_yhIzVvzg4qO0xLo4LcSXLKgDjVgafr3jzHKVRN3b6sGJHtS7Ky9_51D2O5QIwh9_BjJpZORBrESqWVoCuPl3ZqpE2G7BeCo=w426-h240-k-no","false","false","/g/11f4_5j3ch","en","0","37.072572","-94.505007","Kim Millrr",,"en","false","ChIJq6qmfoF7yIcRtH0B2ij2QGE","64804",,"3 years ago","2023-03-08T01:43:41.560Z",,"2023-03-09T15:37:21.000Z","Thank you Kim for all your repeat business.  it’s always a pleasure to work on your beautiful home. ",,"Responsiveness, Punctuality, Quality, Professionalism, Value",,"Paint indoors, Drywall repair","ChZDSUhNMG9nS0VJQ0FnSURobHYyUlpBEAE",,"Google","https://www.google.com/maps/reviews/data=!4m8!14m7!1m6!2m5!1sChZDSUhNMG9nS0VJQ0FnSURobHYyUlpBEAE!2m1!1s0x0:0x6140f628da017db4!3m1!1s2@1:CIHM0ogKEICAgIDhlv2RZA%7C%7C?hl=en","115605603779233814585","5","https://lh3.googleusercontent.com/a/ACg8ocKfajwGSlTjmhz1Xu_yrtqYXihtOKXUGCMcCDceHDilM3WJ7A=s1920-c-rp-mo-br100","https://www.google.com/maps/contrib/115605603779233814585?hl=en","116","2026-09-02T04:33:41.618Z","Direct Detail URL: https://www.google.com/maps/place/Shere's+construction+%26+handyman/@37.072572,-94.505007,17z/data=!3m1!4b1!4m6!3m5!1s0x87c87b817ea6aaab:0x6140f628da017db4!8m2!3d37.072572!4d-94.505007!16s%2Fg%2F11f4_5j3ch?entry=ttu&g_ep=EgoyMDI2MDgzMC4wIKXMDSoASAFQAw%3D%3D","5","Missouri","1705 Ohio Ave","false","I had several home repairs that I needed done. Excellent work results and very happy that everything was explained to me before each project. I highly recommend this business.",,"Shere's construction & handyman","4.5",,"https://www.google.com/maps/search/?api=1&query=Shere's%20construction%20%26%20handyman&query_place_id=ChIJq6qmfoF7yIcRtH0B2ij2QGE",
"1705 Ohio Ave, Joplin, MO 64804","3818474682365387824","Handyman/Handywoman/Handyperson","Bathroom remodeler","Construction company","Deck builder","Dry wall contractor","Fence contractor","Flooring contractor","Kitchen remodeler","Painter","Plumber","Handyman/Handywoman/Handyperson","7007871675505147316","Joplin","US","0x87c87b817ea6aaab:0x6140f628da017db4",,"https://lh3.googleusercontent.com/gps-cs-s/AHRPTWnbAvVtx6M_o7f6ghNc9UEvBATC6196-qcpGP3DevpEhzC-_yhIzVvzg4qO0xLo4LcSXLKgDjVgafr3jzHKVRN3b6sGJHtS7Ky9_51D2O5QIwh9_BjJpZORBrESqWVoCuPl3ZqpE2G7BeCo=w426-h240-k-no","false","true","/g/11f4_5j3ch","en","4","37.072572","-94.505007","Kenneth Baker",,"en","false","ChIJq6qmfoF7yIcRtH0B2ij2QGE","64804",,"3 years ago","2023-03-03T16:45:07.187Z",,"2023-03-03T17:03:16.000Z","I quoted you a price that was over 4 thousand dollars cheaper than your last estimate 
Thanks have a great day",,,,,"ChZDSUhNMG9nS0VJQ0FnSURobk9qNERnEAE",,"Google","https://www.google.com/maps/reviews/data=!4m8!14m7!1m6!2m5!1sChZDSUhNMG9nS0VJQ0FnSURobk9qNERnEAE!2m1!1s0x0:0x6140f628da017db4!3m1!1s2@1:CIHM0ogKEICAgIDhnOj4Dg%7C%7C?hl=en","104905633851513532791","57","https://lh3.googleusercontent.com/a/ACg8ocJDLpXdv8wXO5tipQzAXuRD_72E8EM2TZ2wPbUPJ-sCgOkjeA=s1920-c-rp-mo-ba12-br100","https://www.google.com/maps/contrib/104905633851513532791?hl=en","116","2026-09-02T04:33:41.618Z","Direct Detail URL: https://www.google.com/maps/place/Shere's+construction+%26+handyman/@37.072572,-94.505007,17z/data=!3m1!4b1!4m6!3m5!1s0x87c87b817ea6aaab:0x6140f628da017db4!8m2!3d37.072572!4d-94.505007!16s%2Fg%2F11f4_5j3ch?entry=ttu&g_ep=EgoyMDI2MDgzMC4wIKXMDSoASAFQAw%3D%3D","3","Missouri","1705 Ohio Ave","false","I got a quote for some drywall repair work I needed done. The guy was very punctual and pleasant to deal with. I received the quote exactly when I was told I would.  My only complaint was the overall price I was quoted.  I felt it was extremely high.",,"Shere's construction & handyman","4.5",,"https://www.google.com/maps/search/?api=1&query=Shere's%20construction%20%26%20handyman&query_place_id=ChIJq6qmfoF7yIcRtH0B2ij2QGE",
"1705 Ohio Ave, Joplin, MO 64804","3818474682365387824","Handyman/Handywoman/Handyperson","Bathroom remodeler","Construction company","Deck builder","Dry wall contractor","Fence contractor","Flooring contractor","Kitchen remodeler","Painter","Plumber","Handyman/Handywoman/Handyperson","7007871675505147316","Joplin","US","0x87c87b817ea6aaab:0x6140f628da017db4",,"https://lh3.googleusercontent.com/gps-cs-s/AHRPTWnbAvVtx6M_o7f6ghNc9UEvBATC6196-qcpGP3DevpEhzC-_yhIzVvzg4qO0xLo4LcSXLKgDjVgafr3jzHKVRN3b6sGJHtS7Ky9_51D2O5QIwh9_BjJpZORBrESqWVoCuPl3ZqpE2G7BeCo=w426-h240-k-no","false","false","/g/11f4_5j3ch","en","0","37.072572","-94.505007","Darrin Day",,"en","false","ChIJq6qmfoF7yIcRtH0B2ij2QGE","64804",,"3 years ago","2022-10-21T16:00:04.471Z",,"2022-10-22T00:41:48.000Z","Thank you darrin , happy we could help. For all your home projects you no who to call.",,"Responsiveness, Punctuality, Quality, Professionalism, Value",,"Flooring repair, General repairs, Install flooring, Toilet installation","ChdDSUhNMG9nS0VJQ0FnSURlbF9xc3RnRRAB",,"Google","https://www.google.com/maps/reviews/data=!4m8!14m7!1m6!2m5!1sChdDSUhNMG9nS0VJQ0FnSURlbF9xc3RnRRAB!2m1!1s0x0:0x6140f628da017db4!3m1!1s2@1:CIHM0ogKEICAgIDel_qstgE%7C%7C?hl=en","111245082945272208650","4","https://lh3.googleusercontent.com/a/ACg8ocLkpt4RZGiRv8ZXOR4v5c45z9ZJK4xBIJ-OQ55dpjz_E5xYYQ=s1920-c-rp-mo-br100","https://www.google.com/maps/contrib/111245082945272208650?hl=en","116","2026-09-02T04:33:41.618Z","Direct Detail URL: https://www.google.com/maps/place/Shere's+construction+%26+handyman/@37.072572,-94.505007,17z/data=!3m1!4b1!4m6!3m5!1s0x87c87b817ea6aaab:0x6140f628da017db4!8m2!3d37.072572!4d-94.505007!16s%2Fg%2F11f4_5j3ch?entry=ttu&g_ep=EgoyMDI2MDgzMC4wIKXMDSoASAFQAw%3D%3D","5","Missouri","1705 Ohio Ave","false","Shere’s were GREAT. They showed up on time and worked hard until project was done. They ripped out old subfloor and installed new. Switched toilets in 2 bathrooms. I was very impressed with their professionalism and there work can’t be touched. Great experience and I will definitely be using them again and recommend them for anyone needing work done",,"Shere's construction & handyman","4.5",,"https://www.google.com/maps/search/?api=1&query=Shere's%20construction%20%26%20handyman&query_place_id=ChIJq6qmfoF7yIcRtH0B2ij2QGE",
"1705 Ohio Ave, Joplin, MO 64804","3818474682365387824","Handyman/Handywoman/Handyperson","Bathroom remodeler","Construction company","Deck builder","Dry wall contractor","Fence contractor","Flooring contractor","Kitchen remodeler","Painter","Plumber","Handyman/Handywoman/Handyperson","7007871675505147316","Joplin","US","0x87c87b817ea6aaab:0x6140f628da017db4",,"https://lh3.googleusercontent.com/gps-cs-s/AHRPTWnbAvVtx6M_o7f6ghNc9UEvBATC6196-qcpGP3DevpEhzC-_yhIzVvzg4qO0xLo4LcSXLKgDjVgafr3jzHKVRN3b6sGJHtS7Ky9_51D2O5QIwh9_BjJpZORBrESqWVoCuPl3ZqpE2G7BeCo=w426-h240-k-no","false","false","/g/11f4_5j3ch","en","0","37.072572","-94.505007","Christina Sargent",,"en","false","ChIJq6qmfoF7yIcRtH0B2ij2QGE","64804",,"3 years ago","2022-10-17T15:45:46.106Z",,"2022-10-17T16:22:15.000Z","Thank you Christina    It was our pleasure to help you guys out.   If you need anything else please don’t hesitate to give us a holler.",,,,,"ChZDSUhNMG9nS0VJQ0FnSURldmRXblVnEAE",,"Google","https://www.google.com/maps/reviews/data=!4m8!14m7!1m6!2m5!1sChZDSUhNMG9nS0VJQ0FnSURldmRXblVnEAE!2m1!1s0x0:0x6140f628da017db4!3m1!1s2@1:CIHM0ogKEICAgIDevdWnUg%7C%7C?hl=en","101556995940235422539","6","https://lh3.googleusercontent.com/a-/ALV-UjUUaf0eanoO-qfzZz5BI_MsNKJF_DC1qCum3GLtKhigt0U6s9GE=s1920-c-rp-mo-br100","https://www.google.com/maps/contrib/101556995940235422539?hl=en","116","2026-09-02T04:33:41.618Z","Direct Detail URL: https://www.google.com/maps/place/Shere's+construction+%26+handyman/@37.072572,-94.505007,17z/data=!3m1!4b1!4m6!3m5!1s0x87c87b817ea6aaab:0x6140f628da017db4!8m2!3d37.072572!4d-94.505007!16s%2Fg%2F11f4_5j3ch?entry=ttu&g_ep=EgoyMDI2MDgzMC4wIKXMDSoASAFQAw%3D%3D","5","Missouri","1705 Ohio Ave","false","Keaton did a great job fixing a closet organizer that was improperly installed by another contractor. He was easy to talk to, tidy, and trustworthy. We’d definitely use him again!",,"Shere's construction & handyman","4.5",,"https://www.google.com/maps/search/?api=1&query=Shere's%20construction%20%26%20handyman&query_place_id=ChIJq6qmfoF7yIcRtH0B2ij2QGE",
"1705 Ohio Ave, Joplin, MO 64804","3818474682365387824","Handyman/Handywoman/Handyperson","Bathroom remodeler","Construction company","Deck builder","Dry wall contractor","Fence contractor","Flooring contractor","Kitchen remodeler","Painter","Plumber","Handyman/Handywoman/Handyperson","7007871675505147316","Joplin","US","0x87c87b817ea6aaab:0x6140f628da017db4",,"https://lh3.googleusercontent.com/gps-cs-s/AHRPTWnbAvVtx6M_o7f6ghNc9UEvBATC6196-qcpGP3DevpEhzC-_yhIzVvzg4qO0xLo4LcSXLKgDjVgafr3jzHKVRN3b6sGJHtS7Ky9_51D2O5QIwh9_BjJpZORBrESqWVoCuPl3ZqpE2G7BeCo=w426-h240-k-no","false","false","/g/11f4_5j3ch","en","0","37.072572","-94.505007","Michaela Willis",,,"false","ChIJq6qmfoF7yIcRtH0B2ij2QGE","64804",,"4 years ago","2022-06-05T13:51:35.298Z",,"2022-06-05T14:31:22.000Z","Thank you and tony for all your repeat business!",,"Responsiveness, Punctuality, Quality, Professionalism, Value",,,"ChZDSUhNMG9nS0VJQ0FnSUNPb3JXd0lnEAE",,"Google","https://www.google.com/maps/reviews/data=!4m8!14m7!1m6!2m5!1sChZDSUhNMG9nS0VJQ0FnSUNPb3JXd0lnEAE!2m1!1s0x0:0x6140f628da017db4!3m1!1s2@1:CIHM0ogKEICAgICOorWwIg%7C%7C?hl=en","108902204154361881258","1","https://lh3.googleusercontent.com/a-/ALV-UjWc9_QU5ZUfqtmdV9syowy0BPJmZwvvLYeOiOUFtPoNEf1diKb41w=s1920-c-rp-mo-br100","https://www.google.com/maps/contrib/108902204154361881258?hl=en","116","2026-09-02T04:33:41.618Z","Direct Detail URL: https://www.google.com/maps/place/Shere's+construction+%26+handyman/@37.072572,-94.505007,17z/data=!3m1!4b1!4m6!3m5!1s0x87c87b817ea6aaab:0x6140f628da017db4!8m2!3d37.072572!4d-94.505007!16s%2Fg%2F11f4_5j3ch?entry=ttu&g_ep=EgoyMDI2MDgzMC4wIKXMDSoASAFQAw%3D%3D","5","Missouri","1705 Ohio Ave","false",,,"Shere's construction & handyman","4.5",,"https://www.google.com/maps/search/?api=1&query=Shere's%20construction%20%26%20handyman&query_place_id=ChIJq6qmfoF7yIcRtH0B2ij2QGE",
"1705 Ohio Ave, Joplin, MO 64804","3818474682365387824","Handyman/Handywoman/Handyperson","Bathroom remodeler","Construction company","Deck builder","Dry wall contractor","Fence contractor","Flooring contractor","Kitchen remodeler","Painter","Plumber","Handyman/Handywoman/Handyperson","7007871675505147316","Joplin","US","0x87c87b817ea6aaab:0x6140f628da017db4",,"https://lh3.googleusercontent.com/gps-cs-s/AHRPTWnbAvVtx6M_o7f6ghNc9UEvBATC6196-qcpGP3DevpEhzC-_yhIzVvzg4qO0xLo4LcSXLKgDjVgafr3jzHKVRN3b6sGJHtS7Ky9_51D2O5QIwh9_BjJpZORBrESqWVoCuPl3ZqpE2G7BeCo=w426-h240-k-no","false","false","/g/11f4_5j3ch","en","1","37.072572","-94.505007","Rob Chapman",,"en","false","ChIJq6qmfoF7yIcRtH0B2ij2QGE","64804",,"4 years ago","2022-04-17T17:22:51.197Z",,"2022-04-20T12:46:26.000Z","We here at SHL thank you and your wife so very much for being such fantastic individuals to work with.
So glad you guys love how your bathroom turned out !",,"Responsiveness, Punctuality, Quality, Professionalism, Value",,"Plumbing leak detection, Faucet installation, Install flooring, Shower installation, Toilet installation, Drywall repair, Repair flooring, Plumbing pipe repair, Repair water fixtures, Tile work replacement","ChdDSUhNMG9nS0VJQ0FnSUMyeXB1UjJ3RRAB",,"Google","https://www.google.com/maps/reviews/data=!4m8!14m7!1m6!2m5!1sChdDSUhNMG9nS0VJQ0FnSUMyeXB1UjJ3RRAB!2m1!1s0x0:0x6140f628da017db4!3m1!1s2@1:CIHM0ogKEICAgIC2ypuR2wE%7C%7C?hl=en","103701451773170997809","1","https://lh3.googleusercontent.com/a/ACg8ocKuVZHLuXTqwaOQD5X82THm_5hg2ek_JrFpAq1HSPekggy5vA=s1920-c-rp-mo-br100","https://www.google.com/maps/contrib/103701451773170997809?hl=en","116","2026-09-02T04:33:41.618Z","Direct Detail URL: https://www.google.com/maps/place/Shere's+construction+%26+handyman/@37.072572,-94.505007,17z/data=!3m1!4b1!4m6!3m5!1s0x87c87b817ea6aaab:0x6140f628da017db4!8m2!3d37.072572!4d-94.505007!16s%2Fg%2F11f4_5j3ch?entry=ttu&g_ep=EgoyMDI2MDgzMC4wIKXMDSoASAFQAw%3D%3D","5","Missouri","1705 Ohio Ave","false","Keaton and his helper did a remodel of our tiny but important second bathroom and it turned out very pretty. He discovered a couple problems I wasn't aware of (mold behind the sheetrock), and gave me options of how I wanted to proceed, and he wasn't afraid to get dirty. He and James spent time under the house working on the water lines and never complained once. I""ve been under there, Its awful and cramped, wouldn't wish it on anyone. Very pleased and once we get around to re-model the front bathroom I will definitely use them again.",,"Shere's construction & handyman","4.5",,"https://www.google.com/maps/search/?api=1&query=Shere's%20construction%20%26%20handyman&query_place_id=ChIJq6qmfoF7yIcRtH0B2ij2QGE",
"1705 Ohio Ave, Joplin, MO 64804","3818474682365387824","Handyman/Handywoman/Handyperson","Bathroom remodeler","Construction company","Deck builder","Dry wall contractor","Fence contractor","Flooring contractor","Kitchen remodeler","Painter","Plumber","Handyman/Handywoman/Handyperson","7007871675505147316","Joplin","US","0x87c87b817ea6aaab:0x6140f628da017db4",,"https://lh3.googleusercontent.com/gps-cs-s/AHRPTWnbAvVtx6M_o7f6ghNc9UEvBATC6196-qcpGP3DevpEhzC-_yhIzVvzg4qO0xLo4LcSXLKgDjVgafr3jzHKVRN3b6sGJHtS7Ky9_51D2O5QIwh9_BjJpZORBrESqWVoCuPl3ZqpE2G7BeCo=w426-h240-k-no","false","false","/g/11f4_5j3ch","en","0","37.072572","-94.505007","Macie De Foe",,"en","false","ChIJq6qmfoF7yIcRtH0B2ij2QGE","64804",,"4 years ago","2022-03-24T19:54:20.263Z",,"2022-03-25T18:19:32.000Z","Congratulations on buying your first home,It’s Definitely a big step in life!!!!
We thank you so much for the opportunity to earn your business,
It was a pleasure to work with you and Kevin.
James and I are Looking forward to helping you guys out with the remaining repairs and maintenance your home needs.",,"Responsiveness",,,"ChdDSUhNMG9nS0VJQ0FnSURXN3NIMjdBRRAB",,"Google","https://www.google.com/maps/reviews/data=!4m8!14m7!1m6!2m5!1sChdDSUhNMG9nS0VJQ0FnSURXN3NIMjdBRRAB!2m1!1s0x0:0x6140f628da017db4!3m1!1s2@1:CIHM0ogKEICAgIDW7sH27AE%7C%7C?hl=en","118399599253801817084","5","https://lh3.googleusercontent.com/a/ACg8ocJHXk9D0RyTm9m1xZuezyo0btqysI8ism3-54mlSLqh6H5kYw=s1920-c-rp-mo-br100","https://www.google.com/maps/contrib/118399599253801817084?hl=en","116","2026-09-02T04:33:41.618Z","Direct Detail URL: https://www.google.com/maps/place/Shere's+construction+%26+handyman/@37.072572,-94.505007,17z/data=!3m1!4b1!4m6!3m5!1s0x87c87b817ea6aaab:0x6140f628da017db4!8m2!3d37.072572!4d-94.505007!16s%2Fg%2F11f4_5j3ch?entry=ttu&g_ep=EgoyMDI2MDgzMC4wIKXMDSoASAFQAw%3D%3D","5","Missouri","1705 Ohio Ave","false","I am absolutely, hands down happy with the service I have received!! They have been so professional, on time, and communicated 100% all the time! They never hid anything and showed me all the good, bad and ugly which is exactly what I wanted. There were no surprises. I will forever recommend him and will absolutely be calling for future needs!",,"Shere's construction & handyman","4.5",,"https://www.google.com/maps/search/?api=1&query=Shere's%20construction%20%26%20handyman&query_place_id=ChIJq6qmfoF7yIcRtH0B2ij2QGE",
"1705 Ohio Ave, Joplin, MO 64804","3818474682365387824","Handyman/Handywoman/Handyperson","Bathroom remodeler","Construction company","Deck builder","Dry wall contractor","Fence contractor","Flooring contractor","Kitchen remodeler","Painter","Plumber","Handyman/Handywoman/Handyperson","7007871675505147316","Joplin","US","0x87c87b817ea6aaab:0x6140f628da017db4",,"https://lh3.googleusercontent.com/gps-cs-s/AHRPTWnbAvVtx6M_o7f6ghNc9UEvBATC6196-qcpGP3DevpEhzC-_yhIzVvzg4qO0xLo4LcSXLKgDjVgafr3jzHKVRN3b6sGJHtS7Ky9_51D2O5QIwh9_BjJpZORBrESqWVoCuPl3ZqpE2G7BeCo=w426-h240-k-no","false","false","/g/11f4_5j3ch","en","1","37.072572","-94.505007","Amber Jones",,"en","false","ChIJq6qmfoF7yIcRtH0B2ij2QGE","64804",,"4 years ago","2022-02-01T19:23:57.950Z",,"2022-02-01T21:24:08.000Z","Thank you amber for choosing us here at SHL to do your repairs we definitely appreciate every job we get. I wanted to also thank you for all you do and have done for our country as a veteran.
We look forward to working with you on the remaining of your projects and repairs n the future!",,"Responsiveness",,"General repairs","ChdDSUhNMG9nS0VJQ0FnSURtcWFMNHB3RRAB",,"Google","https://www.google.com/maps/reviews/data=!4m8!14m7!1m6!2m5!1sChdDSUhNMG9nS0VJQ0FnSURtcWFMNHB3RRAB!2m1!1s0x0:0x6140f628da017db4!3m1!1s2@1:CIHM0ogKEICAgIDmqaL4pwE%7C%7C?hl=en","108332952793794773720","13","https://lh3.googleusercontent.com/a-/ALV-UjX8fOxkNWb-OUmNFAbQuiHXttj32uy3sZ3-oG9iwbkpCak9U2s=s1920-c-rp-mo-br100","https://www.google.com/maps/contrib/108332952793794773720?hl=en","116","2026-09-02T04:33:41.618Z","Direct Detail URL: https://www.google.com/maps/place/Shere's+construction+%26+handyman/@37.072572,-94.505007,17z/data=!3m1!4b1!4m6!3m5!1s0x87c87b817ea6aaab:0x6140f628da017db4!8m2!3d37.072572!4d-94.505007!16s%2Fg%2F11f4_5j3ch?entry=ttu&g_ep=EgoyMDI2MDgzMC4wIKXMDSoASAFQAw%3D%3D","5","Missouri","1705 Ohio Ave","false","Was very responsive and kept in good communication on scheduling and pricing.  Came out in a reasonable amount of time and was extremely friendly.  Did a professional job and communicated the work very thoroughly  Will definitely use again.",,"Shere's construction & handyman","4.5",,"https://www.google.com/maps/search/?api=1&query=Shere's%20construction%20%26%20handyman&query_place_id=ChIJq6qmfoF7yIcRtH0B2ij2QGE",
"1705 Ohio Ave, Joplin, MO 64804","3818474682365387824","Handyman/Handywoman/Handyperson","Bathroom remodeler","Construction company","Deck builder","Dry wall contractor","Fence contractor","Flooring contractor","Kitchen remodeler","Painter","Plumber","Handyman/Handywoman/Handyperson","7007871675505147316","Joplin","US","0x87c87b817ea6aaab:0x6140f628da017db4",,"https://lh3.googleusercontent.com/gps-cs-s/AHRPTWnbAvVtx6M_o7f6ghNc9UEvBATC6196-qcpGP3DevpEhzC-_yhIzVvzg4qO0xLo4LcSXLKgDjVgafr3jzHKVRN3b6sGJHtS7Ky9_51D2O5QIwh9_BjJpZORBrESqWVoCuPl3ZqpE2G7BeCo=w426-h240-k-no","false","false","/g/11f4_5j3ch","en","0","37.072572","-94.505007","Diane Houston",,"en","false","ChIJq6qmfoF7yIcRtH0B2ij2QGE","64804",,"4 years ago","2022-01-29T18:25:30.648Z",,"2022-01-31T16:57:46.000Z","Thank you Diane for choosing us here at SHL, you were great to work for.  We look forward to working with you again in the future!",,"Responsiveness, Punctuality, Quality, Professionalism, Value",,"General repairs, Remodeling, Install flooring, Toilet installation, Repair flooring, Water damage repair","ChdDSUhNMG9nS0VJQ0FnSURtM29fOWpBRRAB",,"Google","https://www.google.com/maps/reviews/data=!4m8!14m7!1m6!2m5!1sChdDSUhNMG9nS0VJQ0FnSURtM29fOWpBRRAB!2m1!1s0x0:0x6140f628da017db4!3m1!1s2@1:CIHM0ogKEICAgIDm3o_9jAE%7C%7C?hl=en","113541606122548000418","1","https://lh3.googleusercontent.com/a-/ALV-UjV4CGuYSmsIXI1pERXv0lh3zU-3FCSMoN2mQ_gELSrEs4T6Cfyy=s1920-c-rp-mo-br100","https://www.google.com/maps/contrib/113541606122548000418?hl=en","116","2026-09-02T04:33:41.618Z","Direct Detail URL: https://www.google.com/maps/place/Shere's+construction+%26+handyman/@37.072572,-94.505007,17z/data=!3m1!4b1!4m6!3m5!1s0x87c87b817ea6aaab:0x6140f628da017db4!8m2!3d37.072572!4d-94.505007!16s%2Fg%2F11f4_5j3ch?entry=ttu&g_ep=EgoyMDI2MDgzMC4wIKXMDSoASAFQAw%3D%3D","5","Missouri","1705 Ohio Ave","false","I am so pleased with the work that was done. Very professional and courteous.  Always on time and upfront about length of job. Everything was picked up and cleaned before he would leave for the day. I definitely will be using him again for all my other projects I am going to have done. Absolutely 5 stars 👍🏻",,"Shere's construction & handyman","4.5",,"https://www.google.com/maps/search/?api=1&query=Shere's%20construction%20%26%20handyman&query_place_id=ChIJq6qmfoF7yIcRtH0B2ij2QGE",
"1705 Ohio Ave, Joplin, MO 64804","3818474682365387824","Handyman/Handywoman/Handyperson","Bathroom remodeler","Construction company","Deck builder","Dry wall contractor","Fence contractor","Flooring contractor","Kitchen remodeler","Painter","Plumber","Handyman/Handywoman/Handyperson","7007871675505147316","Joplin","US","0x87c87b817ea6aaab:0x6140f628da017db4",,"https://lh3.googleusercontent.com/gps-cs-s/AHRPTWnbAvVtx6M_o7f6ghNc9UEvBATC6196-qcpGP3DevpEhzC-_yhIzVvzg4qO0xLo4LcSXLKgDjVgafr3jzHKVRN3b6sGJHtS7Ky9_51D2O5QIwh9_BjJpZORBrESqWVoCuPl3ZqpE2G7BeCo=w426-h240-k-no","false","false","/g/11f4_5j3ch","en","2","37.072572","-94.505007","gary williams",,"en","false","ChIJq6qmfoF7yIcRtH0B2ij2QGE","64804",,"4 years ago","2021-11-03T21:49:20.049Z",,"2021-11-03T22:59:58.000Z","I told your wife the tension wire wouldn’t do much for keeping your dogs in before we even started.  Your fence is almost 40years old and none of your post are in line, its falling completely apart.  That’s one of the most horrible fences I’ve ever seen ,But that’s all things you already no.   I told Kelly your fence needed completely replaced posts and all and she even agreed with us.   your wife also revealed that none of your posts are mounted in concrete so when we installed the tension wire she personally supervised us and fully inspected everything.   She said it was fantastic and paid us once she was completely happy .    We gave you guys a big discount  and we gave you more fence materials than you paid for plus we did way more work than we bid for.",,,,,"ChZDSUhNMG9nS0VJQ0FnSUNHaGQ2SUJ3EAE",,"Google","https://www.google.com/maps/reviews/data=!4m8!14m7!1m6!2m5!1sChZDSUhNMG9nS0VJQ0FnSUNHaGQ2SUJ3EAE!2m1!1s0x0:0x6140f628da017db4!3m1!1s2@1:CIHM0ogKEICAgICGhd6IBw%7C%7C?hl=en","108233068708568625795","3","https://lh3.googleusercontent.com/a/ACg8ocIEdVt-jS9TRxtKRvMV-DZgR6svfwea7_5LUy_GUQRT3hMa-g=s1920-c-rp-mo-br100","https://www.google.com/maps/contrib/108233068708568625795?hl=en","116","2026-09-02T04:33:41.618Z","Direct Detail URL: https://www.google.com/maps/place/Shere's+construction+%26+handyman/@37.072572,-94.505007,17z/data=!3m1!4b1!4m6!3m5!1s0x87c87b817ea6aaab:0x6140f628da017db4!8m2!3d37.072572!4d-94.505007!16s%2Fg%2F11f4_5j3ch?entry=ttu&g_ep=EgoyMDI2MDgzMC4wIKXMDSoASAFQAw%3D%3D","1","Missouri","1705 Ohio Ave","false","I had a wire installed along the bottom of my chain link fence so that I would no longer require the use of yard timbers to keep my dogs from getting under the fence.  After the work was done the wire was installed in a way that still requires the use of the yard timbers.  What a waste of my money.  If ha could not do what I wanted he should have been upfront with me from the beginning.",,"Shere's construction & handyman","4.5",,"https://www.google.com/maps/search/?api=1&query=Shere's%20construction%20%26%20handyman&query_place_id=ChIJq6qmfoF7yIcRtH0B2ij2QGE",
"1705 Ohio Ave, Joplin, MO 64804","3818474682365387824","Handyman/Handywoman/Handyperson","Bathroom remodeler","Construction company","Deck builder","Dry wall contractor","Fence contractor","Flooring contractor","Kitchen remodeler","Painter","Plumber","Handyman/Handywoman/Handyperson","7007871675505147316","Joplin","US","0x87c87b817ea6aaab:0x6140f628da017db4",,"https://lh3.googleusercontent.com/gps-cs-s/AHRPTWnbAvVtx6M_o7f6ghNc9UEvBATC6196-qcpGP3DevpEhzC-_yhIzVvzg4qO0xLo4LcSXLKgDjVgafr3jzHKVRN3b6sGJHtS7Ky9_51D2O5QIwh9_BjJpZORBrESqWVoCuPl3ZqpE2G7BeCo=w426-h240-k-no","false","false","/g/11f4_5j3ch","en","0","37.072572","-94.505007","Dustin Richardson’s",,"en","false","ChIJq6qmfoF7yIcRtH0B2ij2QGE","64804",,"4 years ago","2021-10-21T02:32:53.093Z",,"2021-10-21T15:35:02.000Z","Thank you so much Dustin.  We Wish u well on the sale of your home.   We look forward to getting the opportunity to work with you again in the future!",,"Responsiveness, Punctuality, Quality, Professionalism",,"Drywall repair","ChdDSUhNMG9nS0VJQ0FnSUNHNUpXTnZRRRAB",,"Google","https://www.google.com/maps/reviews/data=!4m8!14m7!1m6!2m5!1sChdDSUhNMG9nS0VJQ0FnSUNHNUpXTnZRRRAB!2m1!1s0x0:0x6140f628da017db4!3m1!1s2@1:CIHM0ogKEICAgICG5JWNvQE%7C%7C?hl=en","102000567596787289049","3","https://lh3.googleusercontent.com/a/ACg8ocLm7grFvIVnWOzXLS6mMltrI1ZQji6KtGdZUUdEbs2i-HNm7g=s1920-c-rp-mo-br100","https://www.google.com/maps/contrib/102000567596787289049?hl=en","116","2026-09-02T04:33:41.618Z","Direct Detail URL: https://www.google.com/maps/place/Shere's+construction+%26+handyman/@37.072572,-94.505007,17z/data=!3m1!4b1!4m6!3m5!1s0x87c87b817ea6aaab:0x6140f628da017db4!8m2!3d37.072572!4d-94.505007!16s%2Fg%2F11f4_5j3ch?entry=ttu&g_ep=EgoyMDI2MDgzMC4wIKXMDSoASAFQAw%3D%3D","5","Missouri","1705 Ohio Ave","false","Came out and got the job done quickly, but with great quality!",,"Shere's construction & handyman","4.5",,"https://www.google.com/maps/search/?api=1&query=Shere's%20construction%20%26%20handyman&query_place_id=ChIJq6qmfoF7yIcRtH0B2ij2QGE",
"1705 Ohio Ave, Joplin, MO 64804","3818474682365387824","Handyman/Handywoman/Handyperson","Bathroom remodeler","Construction company","Deck builder","Dry wall contractor","Fence contractor","Flooring contractor","Kitchen remodeler","Painter","Plumber","Handyman/Handywoman/Handyperson","7007871675505147316","Joplin","US","0x87c87b817ea6aaab:0x6140f628da017db4",,"https://lh3.googleusercontent.com/gps-cs-s/AHRPTWnbAvVtx6M_o7f6ghNc9UEvBATC6196-qcpGP3DevpEhzC-_yhIzVvzg4qO0xLo4LcSXLKgDjVgafr3jzHKVRN3b6sGJHtS7Ky9_51D2O5QIwh9_BjJpZORBrESqWVoCuPl3ZqpE2G7BeCo=w426-h240-k-no","false","false","/g/11f4_5j3ch","en","0","37.072572","-94.505007","Kim Kissel",,"en","false","ChIJq6qmfoF7yIcRtH0B2ij2QGE","64804",,"5 years ago","2021-07-15T20:06:43.212Z",,"2021-09-23T01:32:27.000Z","We appreciate your business.  Looking forward to working with you again in the future",,"Punctuality",,"Faucet installation, Plumbing fixture installation, Water damage repair","ChdDSUhNMG9nS0VJQ0FnSURxaTZuazVnRRAB",,"Google","https://www.google.com/maps/reviews/data=!4m8!14m7!1m6!2m5!1sChdDSUhNMG9nS0VJQ0FnSURxaTZuazVnRRAB!2m1!1s0x0:0x6140f628da017db4!3m1!1s2@1:CIHM0ogKEICAgIDqi6nk5gE%7C%7C?hl=en","100979494839787509269","6","https://lh3.googleusercontent.com/a/ACg8ocLmgSdG3dT0ZAPIovY6zisY07LLJH53--gJtkdeP81fxgVR-A=s1920-c-rp-mo-br100","https://www.google.com/maps/contrib/100979494839787509269?hl=en","116","2026-09-02T04:33:41.618Z","Direct Detail URL: https://www.google.com/maps/place/Shere's+construction+%26+handyman/@37.072572,-94.505007,17z/data=!3m1!4b1!4m6!3m5!1s0x87c87b817ea6aaab:0x6140f628da017db4!8m2!3d37.072572!4d-94.505007!16s%2Fg%2F11f4_5j3ch?entry=ttu&g_ep=EgoyMDI2MDgzMC4wIKXMDSoASAFQAw%3D%3D","5","Missouri","1705 Ohio Ave","false","Friendly and helpful service, with keeping your pocketbook in mind. Very glad I called them and will call them again. Supper nice guys.",,"Shere's construction & handyman","4.5",,"https://www.google.com/maps/search/?api=1&query=Shere's%20construction%20%26%20handyman&query_place_id=ChIJq6qmfoF7yIcRtH0B2ij2QGE",
"1705 Ohio Ave, Joplin, MO 64804","3818474682365387824","Handyman/Handywoman/Handyperson","Bathroom remodeler","Construction company","Deck builder","Dry wall contractor","Fence contractor","Flooring contractor","Kitchen remodeler","Painter","Plumber","Handyman/Handywoman/Handyperson","7007871675505147316","Joplin","US","0x87c87b817ea6aaab:0x6140f628da017db4",,"https://lh3.googleusercontent.com/gps-cs-s/AHRPTWnbAvVtx6M_o7f6ghNc9UEvBATC6196-qcpGP3DevpEhzC-_yhIzVvzg4qO0xLo4LcSXLKgDjVgafr3jzHKVRN3b6sGJHtS7Ky9_51D2O5QIwh9_BjJpZORBrESqWVoCuPl3ZqpE2G7BeCo=w426-h240-k-no","false","true","/g/11f4_5j3ch","en","0","37.072572","-94.505007","Robynn Coates",,"en","false","ChIJq6qmfoF7yIcRtH0B2ij2QGE","64804",,"5 years ago","2021-07-07T18:11:14.349Z",,"2021-07-09T01:55:01.000Z","Thank u Robyn for your repeat business.  We look forward to working with you again in the future.",,"Responsiveness, Punctuality, Quality, Professionalism, Value",,"Service not listed","ChZDSUhNMG9nS0VJQ0FnSURxbHFQeFdREAE",,"Google","https://www.google.com/maps/reviews/data=!4m8!14m7!1m6!2m5!1sChZDSUhNMG9nS0VJQ0FnSURxbHFQeFdREAE!2m1!1s0x0:0x6140f628da017db4!3m1!1s2@1:CIHM0ogKEICAgIDqlqPxWQ%7C%7C?hl=en","108306849304245700429","13","https://lh3.googleusercontent.com/a-/ALV-UjV3LRHCcgMZOXTH2arBiqVru3Kzc47v0NnwwdLeJdl2Kf4A7zs=s1920-c-rp-mo-ba12-br100","https://www.google.com/maps/contrib/108306849304245700429?hl=en","116","2026-09-02T04:33:41.618Z","Direct Detail URL: https://www.google.com/maps/place/Shere's+construction+%26+handyman/@37.072572,-94.505007,17z/data=!3m1!4b1!4m6!3m5!1s0x87c87b817ea6aaab:0x6140f628da017db4!8m2!3d37.072572!4d-94.505007!16s%2Fg%2F11f4_5j3ch?entry=ttu&g_ep=EgoyMDI2MDgzMC4wIKXMDSoASAFQAw%3D%3D","5","Missouri","1705 Ohio Ave","false","Shere's Handyman & Lawn installed multiple curtain rods.  Did a fantastic job.  They also did some odds and ends.  Very satisfied.  Thanks!",,"Shere's construction & handyman","4.5",,"https://www.google.com/maps/search/?api=1&query=Shere's%20construction%20%26%20handyman&query_place_id=ChIJq6qmfoF7yIcRtH0B2ij2QGE",
"1705 Ohio Ave, Joplin, MO 64804","3818474682365387824","Handyman/Handywoman/Handyperson","Bathroom remodeler","Construction company","Deck builder","Dry wall contractor","Fence contractor","Flooring contractor","Kitchen remodeler","Painter","Plumber","Handyman/Handywoman/Handyperson","7007871675505147316","Joplin","US","0x87c87b817ea6aaab:0x6140f628da017db4",,"https://lh3.googleusercontent.com/gps-cs-s/AHRPTWnbAvVtx6M_o7f6ghNc9UEvBATC6196-qcpGP3DevpEhzC-_yhIzVvzg4qO0xLo4LcSXLKgDjVgafr3jzHKVRN3b6sGJHtS7Ky9_51D2O5QIwh9_BjJpZORBrESqWVoCuPl3ZqpE2G7BeCo=w426-h240-k-no","false","false","/g/11f4_5j3ch","en","2","37.072572","-94.505007","Debbie Grotheer",,"en","false","ChIJq6qmfoF7yIcRtH0B2ij2QGE","64804",,"5 years ago","2021-06-17T16:36:27.159Z",,"2021-06-17T15:40:51.000Z","I told you I don’t do aluminum rails unless you wanted to get the materials cause I do not have samples cause there are so many to choose from. And if you wouldn’t have very rudely hung up on me I would have referred you to someone who could have helped you.   ",,,,,"ChZDSUhNMG9nS0VJQ0FnSUNxazdLZUJREAE",,"Google","https://www.google.com/maps/reviews/data=!4m8!14m7!1m6!2m5!1sChZDSUhNMG9nS0VJQ0FnSUNxazdLZUJREAE!2m1!1s0x0:0x6140f628da017db4!3m1!1s2@1:CIHM0ogKEICAgICqk7KeBQ%7C%7C?hl=en","100366182540219573030","5","https://lh3.googleusercontent.com/a/ACg8ocLbX90GLgSoD_Ou93Yc_swMHlvydM7aMvo0irNZvFLxGr871A=s1920-c-rp-mo-br100","https://www.google.com/maps/contrib/100366182540219573030?hl=en","116","2026-09-02T04:33:41.618Z","Direct Detail URL: https://www.google.com/maps/place/Shere's+construction+%26+handyman/@37.072572,-94.505007,17z/data=!3m1!4b1!4m6!3m5!1s0x87c87b817ea6aaab:0x6140f628da017db4!8m2!3d37.072572!4d-94.505007!16s%2Fg%2F11f4_5j3ch?entry=ttu&g_ep=EgoyMDI2MDgzMC4wIKXMDSoASAFQAw%3D%3D","1","Missouri","1705 Ohio Ave","false","wanted me to get materials!!!!!  What did I need and what end posts and what measurements?   I have no idea what is needed. That is what he is suppose to do!!!!  you did NOT tell me that you do not do aluminum railing!! yes I hung up after your excuses-  refer me to someone else that could not do the work??",,"Shere's construction & handyman","4.5",,"https://www.google.com/maps/search/?api=1&query=Shere's%20construction%20%26%20handyman&query_place_id=ChIJq6qmfoF7yIcRtH0B2ij2QGE",
"1705 Ohio Ave, Joplin, MO 64804","3818474682365387824","Handyman/Handywoman/Handyperson","Bathroom remodeler","Construction company","Deck builder","Dry wall contractor","Fence contractor","Flooring contractor","Kitchen remodeler","Painter","Plumber","Handyman/Handywoman/Handyperson","7007871675505147316","Joplin","US","0x87c87b817ea6aaab:0x6140f628da017db4",,"https://lh3.googleusercontent.com/gps-cs-s/AHRPTWnbAvVtx6M_o7f6ghNc9UEvBATC6196-qcpGP3DevpEhzC-_yhIzVvzg4qO0xLo4LcSXLKgDjVgafr3jzHKVRN3b6sGJHtS7Ky9_51D2O5QIwh9_BjJpZORBrESqWVoCuPl3ZqpE2G7BeCo=w426-h240-k-no","false","true","/g/11f4_5j3ch","en","0","37.072572","-94.505007","chris couch",,"en","false","ChIJq6qmfoF7yIcRtH0B2ij2QGE","64804",,"5 years ago","2021-06-16T14:06:48.446Z",,"2021-06-29T09:18:24.000Z","We appreciate it Chris, I’m glad we could help.  Anytime you need anything be sure to give us a ring .
we look forward to working with you again!",,,,,"ChZDSUhNMG9nS0VJQ0FnSUNxX2MyRVh3EAE",,"Google","https://www.google.com/maps/reviews/data=!4m8!14m7!1m6!2m5!1sChZDSUhNMG9nS0VJQ0FnSUNxX2MyRVh3EAE!2m1!1s0x0:0x6140f628da017db4!3m1!1s2@1:CIHM0ogKEICAgICq_c2EXw%7C%7C?hl=en","109492373577648401800","23","https://lh3.googleusercontent.com/a/ACg8ocLM1MLd347pNRcNnKcnfdCr9rm5dClRzgmRDksbDbTLFa5Dag=s1920-c-rp-mo-ba12-br100","https://www.google.com/maps/contrib/109492373577648401800?hl=en","116","2026-09-02T04:33:41.618Z","Direct Detail URL: https://www.google.com/maps/place/Shere's+construction+%26+handyman/@37.072572,-94.505007,17z/data=!3m1!4b1!4m6!3m5!1s0x87c87b817ea6aaab:0x6140f628da017db4!8m2!3d37.072572!4d-94.505007!16s%2Fg%2F11f4_5j3ch?entry=ttu&g_ep=EgoyMDI2MDgzMC4wIKXMDSoASAFQAw%3D%3D","5","Missouri","1705 Ohio Ave","false","They did good work, showed up on time, and communicated every issue very well. I will use them again.",,"Shere's construction & handyman","4.5",,"https://www.google.com/maps/search/?api=1&query=Shere's%20construction%20%26%20handyman&query_place_id=ChIJq6qmfoF7yIcRtH0B2ij2QGE",
"1705 Ohio Ave, Joplin, MO 64804","3818474682365387824","Handyman/Handywoman/Handyperson","Bathroom remodeler","Construction company","Deck builder","Dry wall contractor","Fence contractor","Flooring contractor","Kitchen remodeler","Painter","Plumber","Handyman/Handywoman/Handyperson","7007871675505147316","Joplin","US","0x87c87b817ea6aaab:0x6140f628da017db4",,"https://lh3.googleusercontent.com/gps-cs-s/AHRPTWnbAvVtx6M_o7f6ghNc9UEvBATC6196-qcpGP3DevpEhzC-_yhIzVvzg4qO0xLo4LcSXLKgDjVgafr3jzHKVRN3b6sGJHtS7Ky9_51D2O5QIwh9_BjJpZORBrESqWVoCuPl3ZqpE2G7BeCo=w426-h240-k-no","false","false","/g/11f4_5j3ch","en","0","37.072572","-94.505007","Suzan Morang",,"en","false","ChIJq6qmfoF7yIcRtH0B2ij2QGE","64804",,"5 years ago","2021-06-16T02:52:53.909Z",,"2021-06-29T09:21:53.000Z","Thank u Suzan  I’m glad we could be of assistance.
We look forward to working with again in the future  in the meantime if you need anything feel free to give us a call.  I’d be happy to come out and take a look for ya!",,"Responsiveness, Professionalism, Value",,"General repairs, Service not listed","ChZDSUhNMG9nS0VJQ0FnSUNxM2VudlZnEAE",,"Google","https://www.google.com/maps/reviews/data=!4m8!14m7!1m6!2m5!1sChZDSUhNMG9nS0VJQ0FnSUNxM2VudlZnEAE!2m1!1s0x0:0x6140f628da017db4!3m1!1s2@1:CIHM0ogKEICAgICq3envVg%7C%7C?hl=en","103200304243284244116","2","https://lh3.googleusercontent.com/a-/ALV-UjUWO6d8uyI3kDoGKQBq93U8wBbul9Wed-STay5h0cdLgWFsDGw=s1920-c-rp-mo-br100","https://www.google.com/maps/contrib/103200304243284244116?hl=en","116","2026-09-02T04:33:41.618Z","Direct Detail URL: https://www.google.com/maps/place/Shere's+construction+%26+handyman/@37.072572,-94.505007,17z/data=!3m1!4b1!4m6!3m5!1s0x87c87b817ea6aaab:0x6140f628da017db4!8m2!3d37.072572!4d-94.505007!16s%2Fg%2F11f4_5j3ch?entry=ttu&g_ep=EgoyMDI2MDgzMC4wIKXMDSoASAFQAw%3D%3D","5","Missouri","1705 Ohio Ave","false","Very nice team - asked for help with another small job while they were there to work on the main job and they did the small job without hesitation - both jobs were completed quickly, correctly and professionally - also gave me valuable tips and information related to both jobs which were helpful and appreciated - will contact again for future work in the future",,"Shere's construction & handyman","4.5",,"https://www.google.com/maps/search/?api=1&query=Shere's%20construction%20%26%20handyman&query_place_id=ChIJq6qmfoF7yIcRtH0B2ij2QGE",
"1705 Ohio Ave, Joplin, MO 64804","3818474682365387824","Handyman/Handywoman/Handyperson","Bathroom remodeler","Construction company","Deck builder","Dry wall contractor","Fence contractor","Flooring contractor","Kitchen remodeler","Painter","Plumber","Handyman/Handywoman/Handyperson","7007871675505147316","Joplin","US","0x87c87b817ea6aaab:0x6140f628da017db4",,"https://lh3.googleusercontent.com/gps-cs-s/AHRPTWnbAvVtx6M_o7f6ghNc9UEvBATC6196-qcpGP3DevpEhzC-_yhIzVvzg4qO0xLo4LcSXLKgDjVgafr3jzHKVRN3b6sGJHtS7Ky9_51D2O5QIwh9_BjJpZORBrESqWVoCuPl3ZqpE2G7BeCo=w426-h240-k-no","false","false","/g/11f4_5j3ch","en","0","37.072572","-94.505007","Joy Goepfert",,"en","false","ChIJq6qmfoF7yIcRtH0B2ij2QGE","64804",,"5 years ago","2021-06-12T18:14:37.686Z",,"2021-06-12T19:15:37.000Z","Thank you joy.  I’m glad we could help you out.  If you need absolutely anything feel free to give us a ring.   We look forward to working with you again .",,"Quality, Professionalism",,"General repairs","ChZDSUhNMG9nS0VJQ0FnSUNxaGVLaGJREAE",,"Google","https://www.google.com/maps/reviews/data=!4m8!14m7!1m6!2m5!1sChZDSUhNMG9nS0VJQ0FnSUNxaGVLaGJREAE!2m1!1s0x0:0x6140f628da017db4!3m1!1s2@1:CIHM0ogKEICAgICqheKhbQ%7C%7C?hl=en","104860204622395283993","1","https://lh3.googleusercontent.com/a-/ALV-UjXfN0aHJViutyYl4iUa6cMZKppnruimf2oyoV1v2OHiuzMYkdOO=s1920-c-rp-mo-br100","https://www.google.com/maps/contrib/104860204622395283993?hl=en","116","2026-09-02T04:33:41.618Z","Direct Detail URL: https://www.google.com/maps/place/Shere's+construction+%26+handyman/@37.072572,-94.505007,17z/data=!3m1!4b1!4m6!3m5!1s0x87c87b817ea6aaab:0x6140f628da017db4!8m2!3d37.072572!4d-94.505007!16s%2Fg%2F11f4_5j3ch?entry=ttu&g_ep=EgoyMDI2MDgzMC4wIKXMDSoASAFQAw%3D%3D","5","Missouri","1705 Ohio Ave","false","Did a Great job for a fair price. Worked professionally and efficiently. I definitely recommend for your handyman needs.",,"Shere's construction & handyman","4.5",,"https://www.google.com/maps/search/?api=1&query=Shere's%20construction%20%26%20handyman&query_place_id=ChIJq6qmfoF7yIcRtH0B2ij2QGE",
"1705 Ohio Ave, Joplin, MO 64804","3818474682365387824","Handyman/Handywoman/Handyperson","Bathroom remodeler","Construction company","Deck builder","Dry wall contractor","Fence contractor","Flooring contractor","Kitchen remodeler","Painter","Plumber","Handyman/Handywoman/Handyperson","7007871675505147316","Joplin","US","0x87c87b817ea6aaab:0x6140f628da017db4",,"https://lh3.googleusercontent.com/gps-cs-s/AHRPTWnbAvVtx6M_o7f6ghNc9UEvBATC6196-qcpGP3DevpEhzC-_yhIzVvzg4qO0xLo4LcSXLKgDjVgafr3jzHKVRN3b6sGJHtS7Ky9_51D2O5QIwh9_BjJpZORBrESqWVoCuPl3ZqpE2G7BeCo=w426-h240-k-no","false","false","/g/11f4_5j3ch","en","0","37.072572","-94.505007","Katie LOVEJOY",,"en","false","ChIJq6qmfoF7yIcRtH0B2ij2QGE","64804",,"5 years ago","2021-06-11T11:54:40.526Z",,"2021-06-12T01:08:43.000Z","Thank u so much for choosing and trusting us here at SHL to do your all your home repairs.
We look forward to getting to work with you again in the future",,,,,"ChZDSUhNMG9nS0VJQ0FnSUNxcWItMVF3EAE",,"Google","https://www.google.com/maps/reviews/data=!4m8!14m7!1m6!2m5!1sChZDSUhNMG9nS0VJQ0FnSUNxcWItMVF3EAE!2m1!1s0x0:0x6140f628da017db4!3m1!1s2@1:CIHM0ogKEICAgICqqb-1Qw%7C%7C?hl=en","102111266884251819402","2","https://lh3.googleusercontent.com/a-/ALV-UjXUduFV2RXf2MIBMAPMEOFsbK4Qr6cR9URQwqdZxDEdtSLuPOis=s1920-c-rp-mo-br100","https://www.google.com/maps/contrib/102111266884251819402?hl=en","116","2026-09-02T04:33:41.618Z","Direct Detail URL: https://www.google.com/maps/place/Shere's+construction+%26+handyman/@37.072572,-94.505007,17z/data=!3m1!4b1!4m6!3m5!1s0x87c87b817ea6aaab:0x6140f628da017db4!8m2!3d37.072572!4d-94.505007!16s%2Fg%2F11f4_5j3ch?entry=ttu&g_ep=EgoyMDI2MDgzMC4wIKXMDSoASAFQAw%3D%3D","5","Missouri","1705 Ohio Ave","false","Keaton  and his team did a wonderful job  repairing  my roof, bathroom and kitchen  window.  They were on time, friendly  and just all around  quality  work. I will also be calling  them in the future  for other repairs! Honest work for an honest price.",,"Shere's construction & handyman","4.5",,"https://www.google.com/maps/search/?api=1&query=Shere's%20construction%20%26%20handyman&query_place_id=ChIJq6qmfoF7yIcRtH0B2ij2QGE",
"1705 Ohio Ave, Joplin, MO 64804","3818474682365387824","Handyman/Handywoman/Handyperson","Bathroom remodeler","Construction company","Deck builder","Dry wall contractor","Fence contractor","Flooring contractor","Kitchen remodeler","Painter","Plumber","Handyman/Handywoman/Handyperson","7007871675505147316","Joplin","US","0x87c87b817ea6aaab:0x6140f628da017db4",,"https://lh3.googleusercontent.com/gps-cs-s/AHRPTWnbAvVtx6M_o7f6ghNc9UEvBATC6196-qcpGP3DevpEhzC-_yhIzVvzg4qO0xLo4LcSXLKgDjVgafr3jzHKVRN3b6sGJHtS7Ky9_51D2O5QIwh9_BjJpZORBrESqWVoCuPl3ZqpE2G7BeCo=w426-h240-k-no","false","false","/g/11f4_5j3ch","en","2","37.072572","-94.505007","Diane Elliott",,"en","false","ChIJq6qmfoF7yIcRtH0B2ij2QGE","64804",,"5 years ago","2021-06-10T15:31:47.311Z",,"2021-06-10T19:01:30.000Z","I did call you back and I never heard back from you.   I apologize  for the short delay.   I’d be happy to come install your toilet seat anytime 
Have a great day! ","Responsiveness",,,,"ChdDSUhNMG9nS0VJQ0FnSUNxOGZ2ZnRBRRAB",,"Google","https://www.google.com/maps/reviews/data=!4m8!14m7!1m6!2m5!1sChdDSUhNMG9nS0VJQ0FnSUNxOGZ2ZnRBRRAB!2m1!1s0x0:0x6140f628da017db4!3m1!1s2@1:CIHM0ogKEICAgICq8fvftAE%7C%7C?hl=en","108764167184130015275","11","https://lh3.googleusercontent.com/a/ACg8ocIIUO9TA7RQ6CXGTqBJZt0B797EmEQY1RpLBuP8fU9X0D573Q=s1920-c-rp-mo-br100","https://www.google.com/maps/contrib/108764167184130015275?hl=en","116","2026-09-02T04:33:41.618Z","Direct Detail URL: https://www.google.com/maps/place/Shere's+construction+%26+handyman/@37.072572,-94.505007,17z/data=!3m1!4b1!4m6!3m5!1s0x87c87b817ea6aaab:0x6140f628da017db4!8m2!3d37.072572!4d-94.505007!16s%2Fg%2F11f4_5j3ch?entry=ttu&g_ep=EgoyMDI2MDgzMC4wIKXMDSoASAFQAw%3D%3D","1","Missouri","1705 Ohio Ave","false","When I called yesterday morning, he said he would call back when he got to the office. I did not hear back from him so did the job myself.",,"Shere's construction & handyman","4.5",,"https://www.google.com/maps/search/?api=1&query=Shere's%20construction%20%26%20handyman&query_place_id=ChIJq6qmfoF7yIcRtH0B2ij2QGE",
"1705 Ohio Ave, Joplin, MO 64804","3818474682365387824","Handyman/Handywoman/Handyperson","Bathroom remodeler","Construction company","Deck builder","Dry wall contractor","Fence contractor","Flooring contractor","Kitchen remodeler","Painter","Plumber","Handyman/Handywoman/Handyperson","7007871675505147316","Joplin","US","0x87c87b817ea6aaab:0x6140f628da017db4",,"https://lh3.googleusercontent.com/gps-cs-s/AHRPTWnbAvVtx6M_o7f6ghNc9UEvBATC6196-qcpGP3DevpEhzC-_yhIzVvzg4qO0xLo4LcSXLKgDjVgafr3jzHKVRN3b6sGJHtS7Ky9_51D2O5QIwh9_BjJpZORBrESqWVoCuPl3ZqpE2G7BeCo=w426-h240-k-no","false","false","/g/11f4_5j3ch","en","0","37.072572","-94.505007","Travis Pittman",,"en","false","ChIJq6qmfoF7yIcRtH0B2ij2QGE","64804",,"5 years ago","2021-06-01T01:48:31.389Z",,"2021-06-01T21:18:47.000Z","Thank you Travis for choosing and trusting us here at SHL to do your repairs.  It was a pleasure to meet and work with you and your wife.  Thanks again !",,"Responsiveness, Professionalism",,"Drywall repair","ChZDSUhNMG9nS0VJQ0FnSUNxb3YyYVl3EAE",,"Google","https://www.google.com/maps/reviews/data=!4m8!14m7!1m6!2m5!1sChZDSUhNMG9nS0VJQ0FnSUNxb3YyYVl3EAE!2m1!1s0x0:0x6140f628da017db4!3m1!1s2@1:CIHM0ogKEICAgICqov2aYw%7C%7C?hl=en","107674343717453706971","2","https://lh3.googleusercontent.com/a/ACg8ocKLz8luKypYoBO5jLaeNevSqmmyt_U0T0s-lNzLjYu-I9tdBw=s1920-c-rp-mo-br100","https://www.google.com/maps/contrib/107674343717453706971?hl=en","116","2026-09-02T04:33:41.618Z","Direct Detail URL: https://www.google.com/maps/place/Shere's+construction+%26+handyman/@37.072572,-94.505007,17z/data=!3m1!4b1!4m6!3m5!1s0x87c87b817ea6aaab:0x6140f628da017db4!8m2!3d37.072572!4d-94.505007!16s%2Fg%2F11f4_5j3ch?entry=ttu&g_ep=EgoyMDI2MDgzMC4wIKXMDSoASAFQAw%3D%3D","5","Missouri","1705 Ohio Ave","false","I have had Keaton do drywall work for us and we are very happy with the results.  Keaton was very responsive throughout the process and kept in constant communication with us during the project.  He always arrived on time and was a complete professional.  Most importantly, the quality of the work was top notch.",,"Shere's construction & handyman","4.5",,"https://www.google.com/maps/search/?api=1&query=Shere's%20construction%20%26%20handyman&query_place_id=ChIJq6qmfoF7yIcRtH0B2ij2QGE",
"1705 Ohio Ave, Joplin, MO 64804","3818474682365387824","Handyman/Handywoman/Handyperson","Bathroom remodeler","Construction company","Deck builder","Dry wall contractor","Fence contractor","Flooring contractor","Kitchen remodeler","Painter","Plumber","Handyman/Handywoman/Handyperson","7007871675505147316","Joplin","US","0x87c87b817ea6aaab:0x6140f628da017db4",,"https://lh3.googleusercontent.com/gps-cs-s/AHRPTWnbAvVtx6M_o7f6ghNc9UEvBATC6196-qcpGP3DevpEhzC-_yhIzVvzg4qO0xLo4LcSXLKgDjVgafr3jzHKVRN3b6sGJHtS7Ky9_51D2O5QIwh9_BjJpZORBrESqWVoCuPl3ZqpE2G7BeCo=w426-h240-k-no","false","false","/g/11f4_5j3ch","en","0","37.072572","-94.505007","Amanda Roach",,,"false","ChIJq6qmfoF7yIcRtH0B2ij2QGE","64804",,"5 years ago","2021-04-30T19:54:16.040Z",,"2021-04-30T20:18:15.000Z","Thank u Amanda for choosing us here at sheres handyman for your fence installation.   If you all ever need anything you no how to reach us!",,"Quality, Professionalism, Value",,"General construction","ChZDSUhNMG9nS0VJQ0FnSURLNU5LblZBEAE",,"Google","https://www.google.com/maps/reviews/data=!4m8!14m7!1m6!2m5!1sChZDSUhNMG9nS0VJQ0FnSURLNU5LblZBEAE!2m1!1s0x0:0x6140f628da017db4!3m1!1s2@1:CIHM0ogKEICAgIDK5NKnVA%7C%7C?hl=en","114355111885724182499","5","https://lh3.googleusercontent.com/a/ACg8ocI3PDWJepahad76hjkoySD7wuO6GbNn8gyozcbZGA_sWFQ7tA=s1920-c-rp-mo-br100","https://www.google.com/maps/contrib/114355111885724182499?hl=en","116","2026-09-02T04:33:41.618Z","Direct Detail URL: https://www.google.com/maps/place/Shere's+construction+%26+handyman/@37.072572,-94.505007,17z/data=!3m1!4b1!4m6!3m5!1s0x87c87b817ea6aaab:0x6140f628da017db4!8m2!3d37.072572!4d-94.505007!16s%2Fg%2F11f4_5j3ch?entry=ttu&g_ep=EgoyMDI2MDgzMC4wIKXMDSoASAFQAw%3D%3D","5","Missouri","1705 Ohio Ave","false",,,"Shere's construction & handyman","4.5",,"https://www.google.com/maps/search/?api=1&query=Shere's%20construction%20%26%20handyman&query_place_id=ChIJq6qmfoF7yIcRtH0B2ij2QGE",
"1705 Ohio Ave, Joplin, MO 64804","3818474682365387824","Handyman/Handywoman/Handyperson","Bathroom remodeler","Construction company","Deck builder","Dry wall contractor","Fence contractor","Flooring contractor","Kitchen remodeler","Painter","Plumber","Handyman/Handywoman/Handyperson","7007871675505147316","Joplin","US","0x87c87b817ea6aaab:0x6140f628da017db4",,"https://lh3.googleusercontent.com/gps-cs-s/AHRPTWnbAvVtx6M_o7f6ghNc9UEvBATC6196-qcpGP3DevpEhzC-_yhIzVvzg4qO0xLo4LcSXLKgDjVgafr3jzHKVRN3b6sGJHtS7Ky9_51D2O5QIwh9_BjJpZORBrESqWVoCuPl3ZqpE2G7BeCo=w426-h240-k-no","false","false","/g/11f4_5j3ch","en","2","37.072572","-94.505007","Edwin Spangler",,"en","false","ChIJq6qmfoF7yIcRtH0B2ij2QGE","64804",,"5 years ago","2021-04-25T14:51:44.661Z",,"2021-04-25T13:44:25.000Z","I called you 30min ahead of time , you answered and knew I was going to the first address you gave me.  I went to the address you gave me  And I was on time then you wouldn’t answer your phone and after 30min of me trying to get ahold of you because the address you gave me didn’t exist at all so I went back to the office, I called you again at that point and told you I wasn’t interested due to your lack of communication. Later that day you text and gave me the “right address “ then expect me to come back, Edwin I told again for the second time I wasn’t interested due to your complete lack of communication and clearly not valuing my time.   ",,,,,"ChZDSUhNMG9nS0VJQ0FnSUNLXzZlT1FBEAE",,"Google","https://www.google.com/maps/reviews/data=!4m8!14m7!1m6!2m5!1sChZDSUhNMG9nS0VJQ0FnSUNLXzZlT1FBEAE!2m1!1s0x0:0x6140f628da017db4!3m1!1s2@1:CIHM0ogKEICAgICK_6eOQA%7C%7C?hl=en","116408608185855286031","7","https://lh3.googleusercontent.com/a/ACg8ocIafgKf5yOraiaT5wTh2xODtO5QZ4rbqHYgjTqoO43E9SrA1g=s1920-c-rp-mo-br100","https://www.google.com/maps/contrib/116408608185855286031?hl=en","116","2026-09-02T04:33:41.618Z","Direct Detail URL: https://www.google.com/maps/place/Shere's+construction+%26+handyman/@37.072572,-94.505007,17z/data=!3m1!4b1!4m6!3m5!1s0x87c87b817ea6aaab:0x6140f628da017db4!8m2!3d37.072572!4d-94.505007!16s%2Fg%2F11f4_5j3ch?entry=ttu&g_ep=EgoyMDI2MDgzMC4wIKXMDSoASAFQAw%3D%3D","1","Missouri","1705 Ohio Ave","false","He had to cancel the first appointment and reschedule. He wrote the address down wrong, then when he could not find the correct address he called me. I called him back just over 30 minutes later to give him the correct address. He did not answer. I then texted the correct address to him. It is not my fault you wrote the address down wrong. As far as me answering my phone when you called, I was not near my phone to hear it ring. Probably.the same excuse you give when you did not answer your phone the numerous times I called you over the last.couple of weeks. If you cannot admit you made a mistake writing the address down, then you are not the kind of contractor I want working for me.",,"Shere's construction & handyman","4.5",,"https://www.google.com/maps/search/?api=1&query=Shere's%20construction%20%26%20handyman&query_place_id=ChIJq6qmfoF7yIcRtH0B2ij2QGE",
"1705 Ohio Ave, Joplin, MO 64804","3818474682365387824","Handyman/Handywoman/Handyperson","Bathroom remodeler","Construction company","Deck builder","Dry wall contractor","Fence contractor","Flooring contractor","Kitchen remodeler","Painter","Plumber","Handyman/Handywoman/Handyperson","7007871675505147316","Joplin","US","0x87c87b817ea6aaab:0x6140f628da017db4",,"https://lh3.googleusercontent.com/gps-cs-s/AHRPTWnbAvVtx6M_o7f6ghNc9UEvBATC6196-qcpGP3DevpEhzC-_yhIzVvzg4qO0xLo4LcSXLKgDjVgafr3jzHKVRN3b6sGJHtS7Ky9_51D2O5QIwh9_BjJpZORBrESqWVoCuPl3ZqpE2G7BeCo=w426-h240-k-no","false","false","/g/11f4_5j3ch","en","1","37.072572","-94.505007","Chrissy Williams",,"en","false","ChIJq6qmfoF7yIcRtH0B2ij2QGE","64804",,"5 years ago","2021-04-21T21:13:59.089Z",,"2021-04-21T23:35:58.000Z","Thank you Chrissy  for choosing us here at sheres handyman, scheduling was kinda crazy for alil bit lol.  I’m glad you were able to find time so we could get those much needed repairs done for you.     We definitely look forward to working with you again in the future!",,"Responsiveness, Punctuality, Quality, Professionalism, Value",,"Install flooring, Repair flooring","ChZDSUhNMG9nS0VJQ0FnSUNLNTliUkpBEAE",,"Google","https://www.google.com/maps/reviews/data=!4m8!14m7!1m6!2m5!1sChZDSUhNMG9nS0VJQ0FnSUNLNTliUkpBEAE!2m1!1s0x0:0x6140f628da017db4!3m1!1s2@1:CIHM0ogKEICAgICK59bRJA%7C%7C?hl=en","114766614255318941483","7","https://lh3.googleusercontent.com/a/ACg8ocL-K1-1nPk24h_lfQP_6ekY4af0K3eB5w8i8lbsQI9FUqujKQ=s1920-c-rp-mo-br100","https://www.google.com/maps/contrib/114766614255318941483?hl=en","116","2026-09-02T04:33:41.618Z","Direct Detail URL: https://www.google.com/maps/place/Shere's+construction+%26+handyman/@37.072572,-94.505007,17z/data=!3m1!4b1!4m6!3m5!1s0x87c87b817ea6aaab:0x6140f628da017db4!8m2!3d37.072572!4d-94.505007!16s%2Fg%2F11f4_5j3ch?entry=ttu&g_ep=EgoyMDI2MDgzMC4wIKXMDSoASAFQAw%3D%3D","5","Missouri","1705 Ohio Ave","false","Keaton and his assistant repaired and replaced my sagging bathroom floor. He was easy to get a hold of and the only scheduling trouble came from my own time constraints. He was very patient and worked with me to find a time that worked. They were both professional, friendly, and didn't waste time. The quality of their work is great and I'm really pleased with how it looks and feels!",,"Shere's construction & handyman","4.5",,"https://www.google.com/maps/search/?api=1&query=Shere's%20construction%20%26%20handyman&query_place_id=ChIJq6qmfoF7yIcRtH0B2ij2QGE",
"1705 Ohio Ave, Joplin, MO 64804","3818474682365387824","Handyman/Handywoman/Handyperson","Bathroom remodeler","Construction company","Deck builder","Dry wall contractor","Fence contractor","Flooring contractor","Kitchen remodeler","Painter","Plumber","Handyman/Handywoman/Handyperson","7007871675505147316","Joplin","US","0x87c87b817ea6aaab:0x6140f628da017db4",,"https://lh3.googleusercontent.com/gps-cs-s/AHRPTWnbAvVtx6M_o7f6ghNc9UEvBATC6196-qcpGP3DevpEhzC-_yhIzVvzg4qO0xLo4LcSXLKgDjVgafr3jzHKVRN3b6sGJHtS7Ky9_51D2O5QIwh9_BjJpZORBrESqWVoCuPl3ZqpE2G7BeCo=w426-h240-k-no","false","true","/g/11f4_5j3ch","en","0","37.072572","-94.505007","Colby Davis",,"en","false","ChIJq6qmfoF7yIcRtH0B2ij2QGE","64804",,"5 years ago","2021-04-15T21:01:12.748Z",,"2021-04-19T23:18:12.000Z","Thank you so much Colby for trusting us here at sheres handyman to do all your home maintenance and much needed repairs.   We absolutely loved working on your beautiful home !",,"Professionalism, Value",,"General repairs, Interior painting, Door painting, Faucet repair","ChdDSUhNMG9nS0VJQ0FnSUNLdmEyUDlnRRAB",,"Google","https://www.google.com/maps/reviews/data=!4m8!14m7!1m6!2m5!1sChdDSUhNMG9nS0VJQ0FnSUNLdmEyUDlnRRAB!2m1!1s0x0:0x6140f628da017db4!3m1!1s2@1:CIHM0ogKEICAgICKva2P9gE%7C%7C?hl=en","109998876476186786232","17","https://lh3.googleusercontent.com/a/ACg8ocJNnuUlj7h984nSvmMzfusjBFvZRQYWMLC6P8SrnGNfgyrvQQ=s1920-c-rp-mo-ba12-br100","https://www.google.com/maps/contrib/109998876476186786232?hl=en","116","2026-09-02T04:33:41.618Z","Direct Detail URL: https://www.google.com/maps/place/Shere's+construction+%26+handyman/@37.072572,-94.505007,17z/data=!3m1!4b1!4m6!3m5!1s0x87c87b817ea6aaab:0x6140f628da017db4!8m2!3d37.072572!4d-94.505007!16s%2Fg%2F11f4_5j3ch?entry=ttu&g_ep=EgoyMDI2MDgzMC4wIKXMDSoASAFQAw%3D%3D","5","Missouri","1705 Ohio Ave","false","Keaton has a great attention to detail, makes sure you’re comfortable with how he’s handling it, and an amazing ability to handle a wide variety of jobs. I wouldn’t hesitate to call him again!",,"Shere's construction & handyman","4.5",,"https://www.google.com/maps/search/?api=1&query=Shere's%20construction%20%26%20handyman&query_place_id=ChIJq6qmfoF7yIcRtH0B2ij2QGE",
"1705 Ohio Ave, Joplin, MO 64804","3818474682365387824","Handyman/Handywoman/Handyperson","Bathroom remodeler","Construction company","Deck builder","Dry wall contractor","Fence contractor","Flooring contractor","Kitchen remodeler","Painter","Plumber","Handyman/Handywoman/Handyperson","7007871675505147316","Joplin","US","0x87c87b817ea6aaab:0x6140f628da017db4",,"https://lh3.googleusercontent.com/gps-cs-s/AHRPTWnbAvVtx6M_o7f6ghNc9UEvBATC6196-qcpGP3DevpEhzC-_yhIzVvzg4qO0xLo4LcSXLKgDjVgafr3jzHKVRN3b6sGJHtS7Ky9_51D2O5QIwh9_BjJpZORBrESqWVoCuPl3ZqpE2G7BeCo=w426-h240-k-no","false","false","/g/11f4_5j3ch","en","0","37.072572","-94.505007","The Church of Bob",,"en","false","ChIJq6qmfoF7yIcRtH0B2ij2QGE","64804",,"5 years ago","2021-04-12T21:07:16.665Z",,"2021-04-19T23:15:43.000Z","thank you so much for choosing us here at sheres handyman to work on your home.   You guys were super easy to communicate with etc which is extremely important with any project, We definitely look forward to working with you again in the future.",,"Responsiveness, Punctuality, Quality, Professionalism, Value",,"Plumbing leak detection, Plumbing pipe repair, Repair water fixtures","ChZDSUhNMG9nS0VJQ0FnSUNLNWY3Z1pnEAE",,"Google","https://www.google.com/maps/reviews/data=!4m8!14m7!1m6!2m5!1sChZDSUhNMG9nS0VJQ0FnSUNLNWY3Z1pnEAE!2m1!1s0x0:0x6140f628da017db4!3m1!1s2@1:CIHM0ogKEICAgICK5f7gZg%7C%7C?hl=en","104824171378924818096","2","https://lh3.googleusercontent.com/a-/ALV-UjVP-Mapk0PKB4Ggpk703YmaXcI4Ew2axNmnfg5xqvXJ4Lo6Sk8=s1920-c-rp-mo-br100","https://www.google.com/maps/contrib/104824171378924818096?hl=en","116","2026-09-02T04:33:41.618Z","Direct Detail URL: https://www.google.com/maps/place/Shere's+construction+%26+handyman/@37.072572,-94.505007,17z/data=!3m1!4b1!4m6!3m5!1s0x87c87b817ea6aaab:0x6140f628da017db4!8m2!3d37.072572!4d-94.505007!16s%2Fg%2F11f4_5j3ch?entry=ttu&g_ep=EgoyMDI2MDgzMC4wIKXMDSoASAFQAw%3D%3D","5","Missouri","1705 Ohio Ave","false","My water lines froze up and broke in multiple areas and required my entire house to be replaced. Shere’s was able to restore me some water until the remainder of the work was completed here recently repiping my entire house that is not a very easy house to work on for any human. The house is old and was designed for elf size people. Done great work, highly recommended will use again for future projects.",,"Shere's construction & handyman","4.5",,"https://www.google.com/maps/search/?api=1&query=Shere's%20construction%20%26%20handyman&query_place_id=ChIJq6qmfoF7yIcRtH0B2ij2QGE",
"1705 Ohio Ave, Joplin, MO 64804","3818474682365387824","Handyman/Handywoman/Handyperson","Bathroom remodeler","Construction company","Deck builder","Dry wall contractor","Fence contractor","Flooring contractor","Kitchen remodeler","Painter","Plumber","Handyman/Handywoman/Handyperson","7007871675505147316","Joplin","US","0x87c87b817ea6aaab:0x6140f628da017db4",,"https://lh3.googleusercontent.com/gps-cs-s/AHRPTWnbAvVtx6M_o7f6ghNc9UEvBATC6196-qcpGP3DevpEhzC-_yhIzVvzg4qO0xLo4LcSXLKgDjVgafr3jzHKVRN3b6sGJHtS7Ky9_51D2O5QIwh9_BjJpZORBrESqWVoCuPl3ZqpE2G7BeCo=w426-h240-k-no","false","false","/g/11f4_5j3ch","en","3","37.072572","-94.505007","Colton Smith",,"en","false","ChIJq6qmfoF7yIcRtH0B2ij2QGE","64804",,"5 years ago","2021-04-07T21:36:25.857Z",,"2021-04-07T23:47:03.000Z","i told your wife i wasnt interested in the job right before i left your house to begin with simply because we dont install custom aluminum rails, you needed to call a welder for that. all we can offer are custom wood rails and metal rails that are special ordered from rid out lumber
as far as bidding against other companys we do each and every day so im not sure how you came up with that conclusion.   ","Professionalism",,,,"ChdDSUhNMG9nS0VJQ0FnSUNLd2M2aDZBRRAB",,"Google","https://www.google.com/maps/reviews/data=!4m8!14m7!1m6!2m5!1sChdDSUhNMG9nS0VJQ0FnSUNLd2M2aDZBRRAB!2m1!1s0x0:0x6140f628da017db4!3m1!1s2@1:CIHM0ogKEICAgICKwc6h6AE%7C%7C?hl=en","102290639459887451357","7","https://lh3.googleusercontent.com/a-/ALV-UjXWAlqgEGCo6V6mieztwT22odJyWcQumq-GcqFfZewIxcGUMkyS=s1920-c-rp-mo-br100","https://www.google.com/maps/contrib/102290639459887451357?hl=en","116","2026-09-02T04:33:41.618Z","Direct Detail URL: https://www.google.com/maps/place/Shere's+construction+%26+handyman/@37.072572,-94.505007,17z/data=!3m1!4b1!4m6!3m5!1s0x87c87b817ea6aaab:0x6140f628da017db4!8m2!3d37.072572!4d-94.505007!16s%2Fg%2F11f4_5j3ch?entry=ttu&g_ep=EgoyMDI2MDgzMC4wIKXMDSoASAFQAw%3D%3D","1","Missouri","1705 Ohio Ave","false","He came out and spoke with my wife regarding installing porch railing on our home and we felt great about the work that he was going to do. Although he didn’t seem to understand it was just railing on the front porch, we were still very excited to get it done! About a week later I texted him to check in and see if or what he’d figured the job would cost and maybe a general timeframe.

At that point, he told me that he needs to pass on the job, as he does not “bid against other companies”. We have a residential home that simply needed front porch railing, I’m not gathering bids from a bunch of big companies that are super eager to get my business 😂 I guess I was just supposed to let him do the work at some point and pay whatever he wants at the end without having any idea of what to expect to pay in the first place.

Definitely did not seem like a professional reaction or a very good business decision. Maybe wants to charge way more? No idea. Would’ve like to have used him but I guess we won’t use him or recommend him to anyone. Can’t speak to the quality of his work, though.",,"Shere's construction & handyman","4.5",,"https://www.google.com/maps/search/?api=1&query=Shere's%20construction%20%26%20handyman&query_place_id=ChIJq6qmfoF7yIcRtH0B2ij2QGE",
"1705 Ohio Ave, Joplin, MO 64804","3818474682365387824","Handyman/Handywoman/Handyperson","Bathroom remodeler","Construction company","Deck builder","Dry wall contractor","Fence contractor","Flooring contractor","Kitchen remodeler","Painter","Plumber","Handyman/Handywoman/Handyperson","7007871675505147316","Joplin","US","0x87c87b817ea6aaab:0x6140f628da017db4",,"https://lh3.googleusercontent.com/gps-cs-s/AHRPTWnbAvVtx6M_o7f6ghNc9UEvBATC6196-qcpGP3DevpEhzC-_yhIzVvzg4qO0xLo4LcSXLKgDjVgafr3jzHKVRN3b6sGJHtS7Ky9_51D2O5QIwh9_BjJpZORBrESqWVoCuPl3ZqpE2G7BeCo=w426-h240-k-no","false","false","/g/11f4_5j3ch","en","0","37.072572","-94.505007","Joy Graham",,"en","false","ChIJq6qmfoF7yIcRtH0B2ij2QGE","64804",,"5 years ago","2021-03-26T21:44:57.716Z",,"2021-03-27T01:48:46.000Z","Thank you joy for  choosing us here at sheres handyman to do your repairs. It was our pleasure, we definitely look forward to the chance to work for you all again .",,"Responsiveness, Punctuality, Quality, Professionalism, Value",,"Outdoor plumbing system repair","ChZDSUhNMG9nS0VJQ0FnSUNLNk02MUxREAE",,"Google","https://www.google.com/maps/reviews/data=!4m8!14m7!1m6!2m5!1sChZDSUhNMG9nS0VJQ0FnSUNLNk02MUxREAE!2m1!1s0x0:0x6140f628da017db4!3m1!1s2@1:CIHM0ogKEICAgICK6M61LQ%7C%7C?hl=en","111661476693561402583","2","https://lh3.googleusercontent.com/a-/ALV-UjXo6dY6NKuBYJAm0uWlLAwX3uDYn3ojj6AZc5OTOFigIEriiBVD=s1920-c-rp-mo-br100","https://www.google.com/maps/contrib/111661476693561402583?hl=en","116","2026-09-02T04:33:41.618Z","Direct Detail URL: https://www.google.com/maps/place/Shere's+construction+%26+handyman/@37.072572,-94.505007,17z/data=!3m1!4b1!4m6!3m5!1s0x87c87b817ea6aaab:0x6140f628da017db4!8m2!3d37.072572!4d-94.505007!16s%2Fg%2F11f4_5j3ch?entry=ttu&g_ep=EgoyMDI2MDgzMC4wIKXMDSoASAFQAw%3D%3D","5","Missouri","1705 Ohio Ave","false","Keaton did an excellent job repairing our pergola and replacing the trim around our garage door. He was able to get our projects done within a week of our original call. He is very knowledgeable and professionally. He cleans as he works so there was no clean up for the homeowner. As a woman I felt safe and respected having him work in my home. Should I need further repairs or know of someone who does I would definitely use or recommend this energetic young man.",,"Shere's construction & handyman","4.5",,"https://www.google.com/maps/search/?api=1&query=Shere's%20construction%20%26%20handyman&query_place_id=ChIJq6qmfoF7yIcRtH0B2ij2QGE",
"1705 Ohio Ave, Joplin, MO 64804","3818474682365387824","Handyman/Handywoman/Handyperson","Bathroom remodeler","Construction company","Deck builder","Dry wall contractor","Fence contractor","Flooring contractor","Kitchen remodeler","Painter","Plumber","Handyman/Handywoman/Handyperson","7007871675505147316","Joplin","US","0x87c87b817ea6aaab:0x6140f628da017db4",,"https://lh3.googleusercontent.com/gps-cs-s/AHRPTWnbAvVtx6M_o7f6ghNc9UEvBATC6196-qcpGP3DevpEhzC-_yhIzVvzg4qO0xLo4LcSXLKgDjVgafr3jzHKVRN3b6sGJHtS7Ky9_51D2O5QIwh9_BjJpZORBrESqWVoCuPl3ZqpE2G7BeCo=w426-h240-k-no","false","false","/g/11f4_5j3ch","en","0","37.072572","-94.505007","Sam Van",,"en","false","ChIJq6qmfoF7yIcRtH0B2ij2QGE","64804",,"5 years ago","2021-03-13T18:47:14.817Z",,"2021-03-18T08:47:13.000Z","We definitely appreciate the quick communication back with any questions etc we had about the project.
thank you so much for being such a great client.   We look forward to working with you again !",,"Responsiveness, Punctuality, Quality",,"Drywall repair","ChZDSUhNMG9nS0VJQ0FnSUR5eFpTNWN3EAE",,"Google","https://www.google.com/maps/reviews/data=!4m8!14m7!1m6!2m5!1sChZDSUhNMG9nS0VJQ0FnSUR5eFpTNWN3EAE!2m1!1s0x0:0x6140f628da017db4!3m1!1s2@1:CIHM0ogKEICAgIDyxZS5cw%7C%7C?hl=en","104983449394117918771","1","https://lh3.googleusercontent.com/a/ACg8ocIb14oyGP8RVYdbSdG0hgFhPiard1c-GZPWyqjdmTEEqZj0BQ=s1920-c-rp-mo-br100","https://www.google.com/maps/contrib/104983449394117918771?hl=en","116","2026-09-02T04:33:41.618Z","Direct Detail URL: https://www.google.com/maps/place/Shere's+construction+%26+handyman/@37.072572,-94.505007,17z/data=!3m1!4b1!4m6!3m5!1s0x87c87b817ea6aaab:0x6140f628da017db4!8m2!3d37.072572!4d-94.505007!16s%2Fg%2F11f4_5j3ch?entry=ttu&g_ep=EgoyMDI2MDgzMC4wIKXMDSoASAFQAw%3D%3D","5","Missouri","1705 Ohio Ave","false","Very thorough and communicative. Even evaluated and answered other household questions I had during the project. I will definitely be contacting them again for future work!",,"Shere's construction & handyman","4.5",,"https://www.google.com/maps/search/?api=1&query=Shere's%20construction%20%26%20handyman&query_place_id=ChIJq6qmfoF7yIcRtH0B2ij2QGE",
"1705 Ohio Ave, Joplin, MO 64804","3818474682365387824","Handyman/Handywoman/Handyperson","Bathroom remodeler","Construction company","Deck builder","Dry wall contractor","Fence contractor","Flooring contractor","Kitchen remodeler","Painter","Plumber","Handyman/Handywoman/Handyperson","7007871675505147316","Joplin","US","0x87c87b817ea6aaab:0x6140f628da017db4",,"https://lh3.googleusercontent.com/gps-cs-s/AHRPTWnbAvVtx6M_o7f6ghNc9UEvBATC6196-qcpGP3DevpEhzC-_yhIzVvzg4qO0xLo4LcSXLKgDjVgafr3jzHKVRN3b6sGJHtS7Ky9_51D2O5QIwh9_BjJpZORBrESqWVoCuPl3ZqpE2G7BeCo=w426-h240-k-no","false","false","/g/11f4_5j3ch","en","2","37.072572","-94.505007","Randy Bennett",,"en","false","ChIJq6qmfoF7yIcRtH0B2ij2QGE","64804",,"5 years ago","2021-03-12T15:32:13.997Z",,"2021-03-12T16:19:23.000Z","I return all my calls ASAP.  As a matter of fact I did call you back and I personally left you a voicemail . We have been assisting emergency’s first  due to all the harsh weather we have had and are continuously having.
I’m sry you feel ,me not calling back quick enough for your liking deserves a bad review.",,,,,"ChZDSUhNMG9nS0VJQ0FnSUR5NmFlZ0JBEAE",,"Google","https://www.google.com/maps/reviews/data=!4m8!14m7!1m6!2m5!1sChZDSUhNMG9nS0VJQ0FnSUR5NmFlZ0JBEAE!2m1!1s0x0:0x6140f628da017db4!3m1!1s2@1:CIHM0ogKEICAgIDy6aegBA%7C%7C?hl=en","115363897228667268744","1","https://lh3.googleusercontent.com/a/ACg8ocKzLn3pA1tQQQtnx_2r9QfJiqqoZ5c3LdH7EacIxCf1xmNpBw=s1920-c-rp-mo-br100","https://www.google.com/maps/contrib/115363897228667268744?hl=en","116","2026-09-02T04:33:41.618Z","Direct Detail URL: https://www.google.com/maps/place/Shere's+construction+%26+handyman/@37.072572,-94.505007,17z/data=!3m1!4b1!4m6!3m5!1s0x87c87b817ea6aaab:0x6140f628da017db4!8m2!3d37.072572!4d-94.505007!16s%2Fg%2F11f4_5j3ch?entry=ttu&g_ep=EgoyMDI2MDgzMC4wIKXMDSoASAFQAw%3D%3D","1","Missouri","1705 Ohio Ave","false","Never returned call",,"Shere's construction & handyman","4.5",,"https://www.google.com/maps/search/?api=1&query=Shere's%20construction%20%26%20handyman&query_place_id=ChIJq6qmfoF7yIcRtH0B2ij2QGE",
"1705 Ohio Ave, Joplin, MO 64804","3818474682365387824","Handyman/Handywoman/Handyperson","Bathroom remodeler","Construction company","Deck builder","Dry wall contractor","Fence contractor","Flooring contractor","Kitchen remodeler","Painter","Plumber","Handyman/Handywoman/Handyperson","7007871675505147316","Joplin","US","0x87c87b817ea6aaab:0x6140f628da017db4",,"https://lh3.googleusercontent.com/gps-cs-s/AHRPTWnbAvVtx6M_o7f6ghNc9UEvBATC6196-qcpGP3DevpEhzC-_yhIzVvzg4qO0xLo4LcSXLKgDjVgafr3jzHKVRN3b6sGJHtS7Ky9_51D2O5QIwh9_BjJpZORBrESqWVoCuPl3ZqpE2G7BeCo=w426-h240-k-no","false","true","/g/11f4_5j3ch","en","1","37.072572","-94.505007","Andy Emerson",,"en","false","ChIJq6qmfoF7yIcRtH0B2ij2QGE","64804",,"5 years ago","2021-02-22T16:28:25.502Z",,"2021-02-23T21:19:25.000Z","It was an honor to be able to help you out.  We definitely have been working overtime to assist everyone who needs the help. We appreciate how easy you were to communicate with.  We look forward to working with you again in the future.   Thanks again Andy !",,,,,"ChdDSUhNMG9nS0VJQ0FnSUR5cUpYZjh3RRAB",,"Google","https://www.google.com/maps/reviews/data=!4m8!14m7!1m6!2m5!1sChdDSUhNMG9nS0VJQ0FnSUR5cUpYZjh3RRAB!2m1!1s0x0:0x6140f628da017db4!3m1!1s2@1:CIHM0ogKEICAgIDyqJXf8wE%7C%7C?hl=en","102720339903497024269","38","https://lh3.googleusercontent.com/a/ACg8ocJswkcK7XGORf6_8x32Vt3fCe-0CZ3u-wqbPcipW0ayLmjPJA=s1920-c-rp-mo-ba12-br100","https://www.google.com/maps/contrib/102720339903497024269?hl=en","116","2026-09-02T04:33:41.618Z","Direct Detail URL: https://www.google.com/maps/place/Shere's+construction+%26+handyman/@37.072572,-94.505007,17z/data=!3m1!4b1!4m6!3m5!1s0x87c87b817ea6aaab:0x6140f628da017db4!8m2!3d37.072572!4d-94.505007!16s%2Fg%2F11f4_5j3ch?entry=ttu&g_ep=EgoyMDI2MDgzMC4wIKXMDSoASAFQAw%3D%3D","5","Missouri","1705 Ohio Ave","false","Very fast service during a time of everyone having broken pipes and needing help. I highly recommend them! Really nice and easy to work worth. Communicated to me by text hours before even when he had to reschedule! I really appreciate that.",,"Shere's construction & handyman","4.5",,"https://www.google.com/maps/search/?api=1&query=Shere's%20construction%20%26%20handyman&query_place_id=ChIJq6qmfoF7yIcRtH0B2ij2QGE",
"1705 Ohio Ave, Joplin, MO 64804","3818474682365387824","Handyman/Handywoman/Handyperson","Bathroom remodeler","Construction company","Deck builder","Dry wall contractor","Fence contractor","Flooring contractor","Kitchen remodeler","Painter","Plumber","Handyman/Handywoman/Handyperson","7007871675505147316","Joplin","US","0x87c87b817ea6aaab:0x6140f628da017db4",,"https://lh3.googleusercontent.com/gps-cs-s/AHRPTWnbAvVtx6M_o7f6ghNc9UEvBATC6196-qcpGP3DevpEhzC-_yhIzVvzg4qO0xLo4LcSXLKgDjVgafr3jzHKVRN3b6sGJHtS7Ky9_51D2O5QIwh9_BjJpZORBrESqWVoCuPl3ZqpE2G7BeCo=w426-h240-k-no","false","false","/g/11f4_5j3ch","en","0","37.072572","-94.505007","Eddie Mosley",,"en","false","ChIJq6qmfoF7yIcRtH0B2ij2QGE","64804",,"5 years ago","2020-11-27T15:35:14.869Z",,"2020-11-28T11:43:18.000Z","Anytime Eddie , I’m glad we were available to help you guys out.  We definitely appreciate all the work we get!    Hope you and your family have an amazing holiday season !",,"Responsiveness, Punctuality, Quality, Professionalism, Value",,,"ChdDSUhNMG9nS0VJQ0FnSURpclBEV3h3RRAB",,"Google","https://www.google.com/maps/reviews/data=!4m8!14m7!1m6!2m5!1sChdDSUhNMG9nS0VJQ0FnSURpclBEV3h3RRAB!2m1!1s0x0:0x6140f628da017db4!3m1!1s2@1:CIHM0ogKEICAgIDirPDWxwE%7C%7C?hl=en","105933418400972814410","7","https://lh3.googleusercontent.com/a-/ALV-UjW2n5vqkGqSAb5JRwWOoTyVBIJ7TiWlBhOVmqB09-yJR-Y3jKE=s1920-c-rp-mo-br100","https://www.google.com/maps/contrib/105933418400972814410?hl=en","116","2026-09-02T04:33:41.618Z","Direct Detail URL: https://www.google.com/maps/place/Shere's+construction+%26+handyman/@37.072572,-94.505007,17z/data=!3m1!4b1!4m6!3m5!1s0x87c87b817ea6aaab:0x6140f628da017db4!8m2!3d37.072572!4d-94.505007!16s%2Fg%2F11f4_5j3ch?entry=ttu&g_ep=EgoyMDI2MDgzMC4wIKXMDSoASAFQAw%3D%3D","5","Missouri","1705 Ohio Ave","false","Replaced a sump pump under my house, had to lay in water to get job done. Water is being pumped out now. Thanks!",,"Shere's construction & handyman","4.5",,"https://www.google.com/maps/search/?api=1&query=Shere's%20construction%20%26%20handyman&query_place_id=ChIJq6qmfoF7yIcRtH0B2ij2QGE",
"1705 Ohio Ave, Joplin, MO 64804","3818474682365387824","Handyman/Handywoman/Handyperson","Bathroom remodeler","Construction company","Deck builder","Dry wall contractor","Fence contractor","Flooring contractor","Kitchen remodeler","Painter","Plumber","Handyman/Handywoman/Handyperson","7007871675505147316","Joplin","US","0x87c87b817ea6aaab:0x6140f628da017db4",,"https://lh3.googleusercontent.com/gps-cs-s/AHRPTWnbAvVtx6M_o7f6ghNc9UEvBATC6196-qcpGP3DevpEhzC-_yhIzVvzg4qO0xLo4LcSXLKgDjVgafr3jzHKVRN3b6sGJHtS7Ky9_51D2O5QIwh9_BjJpZORBrESqWVoCuPl3ZqpE2G7BeCo=w426-h240-k-no","false","true","/g/11f4_5j3ch","en","0","37.072572","-94.505007","Kristina Cline",,"en","false","ChIJq6qmfoF7yIcRtH0B2ij2QGE","64804",,"5 years ago","2020-11-25T21:52:03.986Z",,"2020-11-25T22:13:39.000Z","I’m glad we could help you guys out with the repairs,    You were super great to work with.  We definitely strive for the absolute best quality at the best prices possible .    If you ever need anything give us a ring.  We would love to assist you in any repair or remodel you may have.   Thank you so much have a very blessed holiday!!!!",,,,,"ChdDSUhNMG9nS0VJQ0FnSURpbEtHTHZnRRAB",,"Google","https://www.google.com/maps/reviews/data=!4m8!14m7!1m6!2m5!1sChdDSUhNMG9nS0VJQ0FnSURpbEtHTHZnRRAB!2m1!1s0x0:0x6140f628da017db4!3m1!1s2@1:CIHM0ogKEICAgIDilKGLvgE%7C%7C?hl=en","100876105117209510951","23","https://lh3.googleusercontent.com/a-/ALV-UjV3diYDj0dWmh5L2EAMhmOftKfJLfOw5DvXRJCU0I0Ax5z4XQIf=s1920-c-rp-mo-ba12-br100","https://www.google.com/maps/contrib/100876105117209510951?hl=en","116","2026-09-02T04:33:41.618Z","Direct Detail URL: https://www.google.com/maps/place/Shere's+construction+%26+handyman/@37.072572,-94.505007,17z/data=!3m1!4b1!4m6!3m5!1s0x87c87b817ea6aaab:0x6140f628da017db4!8m2!3d37.072572!4d-94.505007!16s%2Fg%2F11f4_5j3ch?entry=ttu&g_ep=EgoyMDI2MDgzMC4wIKXMDSoASAFQAw%3D%3D","5","Missouri","1705 Ohio Ave","false","We needed our sump pump dug deeper and a PVC pipe leak repair after a home inspection for the sell of our home. Keaton answered his phone when I called, several other places I tried I had to leave a voicemail and I only heard back (eventually) from three other places. Keaton was able to get me in the following week, which was great considering the holidays. (All other places told me it would be 2-3 weeks) Prices we reasonable, $80 an hour for a two man crew for my repairs. He kept in great communication with me, showed up when he said he would and got finished with the job in a reasonable amount of time. He told me ahead of time that it would need to be cash or check because his card reader was not working at this time, not a big deal for me. I would certainly recommend this company for your handyman and lawn needs!",,"Shere's construction & handyman","4.5",,"https://www.google.com/maps/search/?api=1&query=Shere's%20construction%20%26%20handyman&query_place_id=ChIJq6qmfoF7yIcRtH0B2ij2QGE",
"1705 Ohio Ave, Joplin, MO 64804","3818474682365387824","Handyman/Handywoman/Handyperson","Bathroom remodeler","Construction company","Deck builder","Dry wall contractor","Fence contractor","Flooring contractor","Kitchen remodeler","Painter","Plumber","Handyman/Handywoman/Handyperson","7007871675505147316","Joplin","US","0x87c87b817ea6aaab:0x6140f628da017db4",,"https://lh3.googleusercontent.com/gps-cs-s/AHRPTWnbAvVtx6M_o7f6ghNc9UEvBATC6196-qcpGP3DevpEhzC-_yhIzVvzg4qO0xLo4LcSXLKgDjVgafr3jzHKVRN3b6sGJHtS7Ky9_51D2O5QIwh9_BjJpZORBrESqWVoCuPl3ZqpE2G7BeCo=w426-h240-k-no","false","false","/g/11f4_5j3ch","en","0","37.072572","-94.505007","Makaliilani Hoffer",,"en","false","ChIJq6qmfoF7yIcRtH0B2ij2QGE","64804",,"5 years ago","2020-09-02T21:09:57.860Z",,"2020-10-03T16:40:14.000Z","Thank you so much for choosing us to do your install.  We hope your able to enjoy your home even more now that you have a dishwasher .
We look forward to working with you again on your next possible projects etc.  have an amazing rest of the year!!!",,,,,"ChdDSUhNMG9nS0VJQ0FnSUNDODVhcnZnRRAB",,"Google","https://www.google.com/maps/reviews/data=!4m8!14m7!1m6!2m5!1sChdDSUhNMG9nS0VJQ0FnSUNDODVhcnZnRRAB!2m1!1s0x0:0x6140f628da017db4!3m1!1s2@1:CIHM0ogKEICAgICC85arvgE%7C%7C?hl=en","114321309627320123413","1","https://lh3.googleusercontent.com/a/ACg8ocIfgvkyDeCus_EVeIxkLozLvKQjIjHO9qaGZf7_ttXw6Wpd-A=s1920-c-rp-mo-br100","https://www.google.com/maps/contrib/114321309627320123413?hl=en","116","2026-09-02T04:33:41.618Z","Direct Detail URL: https://www.google.com/maps/place/Shere's+construction+%26+handyman/@37.072572,-94.505007,17z/data=!3m1!4b1!4m6!3m5!1s0x87c87b817ea6aaab:0x6140f628da017db4!8m2!3d37.072572!4d-94.505007!16s%2Fg%2F11f4_5j3ch?entry=ttu&g_ep=EgoyMDI2MDgzMC4wIKXMDSoASAFQAw%3D%3D","5","Missouri","1705 Ohio Ave","false","They were really great and helpful. They did an awesome job modifying our cabinet to install a dishwasher.",,"Shere's construction & handyman","4.5",,"https://www.google.com/maps/search/?api=1&query=Shere's%20construction%20%26%20handyman&query_place_id=ChIJq6qmfoF7yIcRtH0B2ij2QGE",
"1705 Ohio Ave, Joplin, MO 64804","3818474682365387824","Handyman/Handywoman/Handyperson","Bathroom remodeler","Construction company","Deck builder","Dry wall contractor","Fence contractor","Flooring contractor","Kitchen remodeler","Painter","Plumber","Handyman/Handywoman/Handyperson","7007871675505147316","Joplin","US","0x87c87b817ea6aaab:0x6140f628da017db4",,"https://lh3.googleusercontent.com/gps-cs-s/AHRPTWnbAvVtx6M_o7f6ghNc9UEvBATC6196-qcpGP3DevpEhzC-_yhIzVvzg4qO0xLo4LcSXLKgDjVgafr3jzHKVRN3b6sGJHtS7Ky9_51D2O5QIwh9_BjJpZORBrESqWVoCuPl3ZqpE2G7BeCo=w426-h240-k-no","false","false","/g/11f4_5j3ch","en","0","37.072572","-94.505007","Megan Martin",,"en","false","ChIJq6qmfoF7yIcRtH0B2ij2QGE","64804",,"6 years ago","2020-08-18T00:51:07.259Z",,"2020-08-20T19:32:07.000Z","Thank you Megan,  we definitely appreciate how easy you were to work with and fast to respond.   I’m glad you love your new fully functional porch pillars . We look forward to working with you again in the near future!",,"Responsiveness, Punctuality, Quality, Professionalism, Value",,"General repairs","ChdDSUhNMG9nS0VJQ0FnSUNDa3ZtUzFRRRAB",,"Google","https://www.google.com/maps/reviews/data=!4m8!14m7!1m6!2m5!1sChdDSUhNMG9nS0VJQ0FnSUNDa3ZtUzFRRRAB!2m1!1s0x0:0x6140f628da017db4!3m1!1s2@1:CIHM0ogKEICAgICCkvmS1QE%7C%7C?hl=en","112357620568110640016","4","https://lh3.googleusercontent.com/a/ACg8ocKmODP0kfRjH6U6YWVJsUjI3oY4M-cpMJeX70RnLMX13IztrQ=s1920-c-rp-mo-br100","https://www.google.com/maps/contrib/112357620568110640016?hl=en","116","2026-09-02T04:33:41.618Z","Direct Detail URL: https://www.google.com/maps/place/Shere's+construction+%26+handyman/@37.072572,-94.505007,17z/data=!3m1!4b1!4m6!3m5!1s0x87c87b817ea6aaab:0x6140f628da017db4!8m2!3d37.072572!4d-94.505007!16s%2Fg%2F11f4_5j3ch?entry=ttu&g_ep=EgoyMDI2MDgzMC4wIKXMDSoASAFQAw%3D%3D","5","Missouri","1705 Ohio Ave","false","They were great to work with! I Called for an estimate, and they were quick to come out. once we decided to work with them, they kept me updated on everything they were doing, and made sure The job was done right.  They had to install 5 porch pillars for me, and they look great and the price was GREAT as well. I would highly recommend them for your repair needs, and will use them in the future as well.",,"Shere's construction & handyman","4.5",,"https://www.google.com/maps/search/?api=1&query=Shere's%20construction%20%26%20handyman&query_place_id=ChIJq6qmfoF7yIcRtH0B2ij2QGE",
"1705 Ohio Ave, Joplin, MO 64804","3818474682365387824","Handyman/Handywoman/Handyperson","Bathroom remodeler","Construction company","Deck builder","Dry wall contractor","Fence contractor","Flooring contractor","Kitchen remodeler","Painter","Plumber","Handyman/Handywoman/Handyperson","7007871675505147316","Joplin","US","0x87c87b817ea6aaab:0x6140f628da017db4",,"https://lh3.googleusercontent.com/gps-cs-s/AHRPTWnbAvVtx6M_o7f6ghNc9UEvBATC6196-qcpGP3DevpEhzC-_yhIzVvzg4qO0xLo4LcSXLKgDjVgafr3jzHKVRN3b6sGJHtS7Ky9_51D2O5QIwh9_BjJpZORBrESqWVoCuPl3ZqpE2G7BeCo=w426-h240-k-no","false","false","/g/11f4_5j3ch","en","1","37.072572","-94.505007","Rhonda Jackson",,"en","false","ChIJq6qmfoF7yIcRtH0B2ij2QGE","64804",,"6 years ago","2020-07-07T17:40:09.592Z",,"2020-07-07T20:15:07.000Z","Thank you so much for choosing us to do your roof repairs etc. It was an honor to meet and get to work with you.  Good luck with the inspection and selling of your home.
For all your home remodeling and repair needs , you no who to call day or night.
God bless !",,"Responsiveness, Punctuality, Quality, Professionalism, Value",,,"ChdDSUhNMG9nS0VJQ0FnSUM4M3N1NHh3RRAB",,"Google","https://www.google.com/maps/reviews/data=!4m8!14m7!1m6!2m5!1sChdDSUhNMG9nS0VJQ0FnSUM4M3N1NHh3RRAB!2m1!1s0x0:0x6140f628da017db4!3m1!1s2@1:CIHM0ogKEICAgIC83su4xwE%7C%7C?hl=en","104590400148149216488","2","https://lh3.googleusercontent.com/a/ACg8ocJWgYWOiUDBUjnGpIXRYgLcQcIKAI1CFfdTFBchc3iI9WpEKw=s1920-c-rp-mo-br100","https://www.google.com/maps/contrib/104590400148149216488?hl=en","116","2026-09-02T04:33:41.618Z","Direct Detail URL: https://www.google.com/maps/place/Shere's+construction+%26+handyman/@37.072572,-94.505007,17z/data=!3m1!4b1!4m6!3m5!1s0x87c87b817ea6aaab:0x6140f628da017db4!8m2!3d37.072572!4d-94.505007!16s%2Fg%2F11f4_5j3ch?entry=ttu&g_ep=EgoyMDI2MDgzMC4wIKXMDSoASAFQAw%3D%3D","5","Missouri","1705 Ohio Ave","false","Shere's Handyman came and fixed my rooftop to get it spick-and-span and ready for inspection before I sold my home. They came out quickly and gave a fair, reasonable priced estimate and were able to come and finish the job the next day. I recommend them for your home improvement project!",,"Shere's construction & handyman","4.5",,"https://www.google.com/maps/search/?api=1&query=Shere's%20construction%20%26%20handyman&query_place_id=ChIJq6qmfoF7yIcRtH0B2ij2QGE",
"1705 Ohio Ave, Joplin, MO 64804","3818474682365387824","Handyman/Handywoman/Handyperson","Bathroom remodeler","Construction company","Deck builder","Dry wall contractor","Fence contractor","Flooring contractor","Kitchen remodeler","Painter","Plumber","Handyman/Handywoman/Handyperson","7007871675505147316","Joplin","US","0x87c87b817ea6aaab:0x6140f628da017db4",,"https://lh3.googleusercontent.com/gps-cs-s/AHRPTWnbAvVtx6M_o7f6ghNc9UEvBATC6196-qcpGP3DevpEhzC-_yhIzVvzg4qO0xLo4LcSXLKgDjVgafr3jzHKVRN3b6sGJHtS7Ky9_51D2O5QIwh9_BjJpZORBrESqWVoCuPl3ZqpE2G7BeCo=w426-h240-k-no","false","false","/g/11f4_5j3ch","en","0","37.072572","-94.505007","Dale Brendel",,"en","false","ChIJq6qmfoF7yIcRtH0B2ij2QGE","64804",,"6 years ago","2020-05-30T16:43:55.021Z",,"2020-06-22T10:10:30.000Z","It was our pleasure to assist you in setting up the play set for your daughter.  We look forward to working with you again in the near future",,"Responsiveness, Punctuality, Quality, Professionalism, Value",,,"ChZDSUhNMG9nS0VJQ0FnSURjdk5QNlhnEAE",,"Google","https://www.google.com/maps/reviews/data=!4m8!14m7!1m6!2m5!1sChZDSUhNMG9nS0VJQ0FnSURjdk5QNlhnEAE!2m1!1s0x0:0x6140f628da017db4!3m1!1s2@1:CIHM0ogKEICAgIDcvNP6Xg%7C%7C?hl=en","110789083378395687966","1","https://lh3.googleusercontent.com/a/ACg8ocKl0cZkb3weTVwvd0UegG_U6AwmW1otF7ovcBI9c69pi0rAOg=s1920-c-rp-mo-br100","https://www.google.com/maps/contrib/110789083378395687966?hl=en","116","2026-09-02T04:33:41.618Z","Direct Detail URL: https://www.google.com/maps/place/Shere's+construction+%26+handyman/@37.072572,-94.505007,17z/data=!3m1!4b1!4m6!3m5!1s0x87c87b817ea6aaab:0x6140f628da017db4!8m2!3d37.072572!4d-94.505007!16s%2Fg%2F11f4_5j3ch?entry=ttu&g_ep=EgoyMDI2MDgzMC4wIKXMDSoASAFQAw%3D%3D","5","Missouri","1705 Ohio Ave","false","The guys showed up on time, were friendly and professional, and did a good job of constructing my daughter's outdoor play set at a fair price. Will gladly use them again.",,"Shere's construction & handyman","4.5",,"https://www.google.com/maps/search/?api=1&query=Shere's%20construction%20%26%20handyman&query_place_id=ChIJq6qmfoF7yIcRtH0B2ij2QGE",
"1705 Ohio Ave, Joplin, MO 64804","3818474682365387824","Handyman/Handywoman/Handyperson","Bathroom remodeler","Construction company","Deck builder","Dry wall contractor","Fence contractor","Flooring contractor","Kitchen remodeler","Painter","Plumber","Handyman/Handywoman/Handyperson","7007871675505147316","Joplin","US","0x87c87b817ea6aaab:0x6140f628da017db4",,"https://lh3.googleusercontent.com/gps-cs-s/AHRPTWnbAvVtx6M_o7f6ghNc9UEvBATC6196-qcpGP3DevpEhzC-_yhIzVvzg4qO0xLo4LcSXLKgDjVgafr3jzHKVRN3b6sGJHtS7Ky9_51D2O5QIwh9_BjJpZORBrESqWVoCuPl3ZqpE2G7BeCo=w426-h240-k-no","false","false","/g/11f4_5j3ch","en","0","37.072572","-94.505007","David Walbridge",,,"false","ChIJq6qmfoF7yIcRtH0B2ij2QGE","64804",,"6 years ago","2020-05-10T02:00:33.800Z",,"2021-04-20T09:09:39.000Z","Thank you for the rating!",,"Professionalism",,,"ChdDSUhNMG9nS0VJQ0FnSURjZ0lYU2pRRRAB",,"Google","https://www.google.com/maps/reviews/data=!4m8!14m7!1m6!2m5!1sChdDSUhNMG9nS0VJQ0FnSURjZ0lYU2pRRRAB!2m1!1s0x0:0x6140f628da017db4!3m1!1s2@1:CIHM0ogKEICAgIDcgIXSjQE%7C%7C?hl=en","107135782420571745765","2","https://lh3.googleusercontent.com/a-/ALV-UjX8aFFc9gjbbEsfG48PHjRk3vSECefDC7Qj8km6dgiqoiTtat2_=s1920-c-rp-mo-br100","https://www.google.com/maps/contrib/107135782420571745765?hl=en","116","2026-09-02T04:33:41.618Z","Direct Detail URL: https://www.google.com/maps/place/Shere's+construction+%26+handyman/@37.072572,-94.505007,17z/data=!3m1!4b1!4m6!3m5!1s0x87c87b817ea6aaab:0x6140f628da017db4!8m2!3d37.072572!4d-94.505007!16s%2Fg%2F11f4_5j3ch?entry=ttu&g_ep=EgoyMDI2MDgzMC4wIKXMDSoASAFQAw%3D%3D","5","Missouri","1705 Ohio Ave","false",,,"Shere's construction & handyman","4.5",,"https://www.google.com/maps/search/?api=1&query=Shere's%20construction%20%26%20handyman&query_place_id=ChIJq6qmfoF7yIcRtH0B2ij2QGE",
"1705 Ohio Ave, Joplin, MO 64804","3818474682365387824","Handyman/Handywoman/Handyperson","Bathroom remodeler","Construction company","Deck builder","Dry wall contractor","Fence contractor","Flooring contractor","Kitchen remodeler","Painter","Plumber","Handyman/Handywoman/Handyperson","7007871675505147316","Joplin","US","0x87c87b817ea6aaab:0x6140f628da017db4",,"https://lh3.googleusercontent.com/gps-cs-s/AHRPTWnbAvVtx6M_o7f6ghNc9UEvBATC6196-qcpGP3DevpEhzC-_yhIzVvzg4qO0xLo4LcSXLKgDjVgafr3jzHKVRN3b6sGJHtS7Ky9_51D2O5QIwh9_BjJpZORBrESqWVoCuPl3ZqpE2G7BeCo=w426-h240-k-no","false","true","/g/11f4_5j3ch","en","0","37.072572","-94.505007","Bones Boyer",,"en","false","ChIJq6qmfoF7yIcRtH0B2ij2QGE","64804",,"6 years ago","2020-05-01T08:30:12.453Z",,"2020-06-22T09:56:49.000Z","We definitely appreciate all your business. Thanks for being such a great client!",,"Professionalism",,,"ChZDSUhNMG9nS0VJQ0FnSUNjejlET09BEAE",,"Google","https://www.google.com/maps/reviews/data=!4m8!14m7!1m6!2m5!1sChZDSUhNMG9nS0VJQ0FnSUNjejlET09BEAE!2m1!1s0x0:0x6140f628da017db4!3m1!1s2@1:CIHM0ogKEICAgICcz9DOOA%7C%7C?hl=en","116852025510529552484","18","https://lh3.googleusercontent.com/a/ACg8ocJohS1svM9q0kVMKaL9Kc7HGWdg0ElEe8OZ3jBg3t3yGYjfkg=s1920-c-rp-mo-ba12-br100","https://www.google.com/maps/contrib/116852025510529552484?hl=en","116","2026-09-02T04:33:41.618Z","Direct Detail URL: https://www.google.com/maps/place/Shere's+construction+%26+handyman/@37.072572,-94.505007,17z/data=!3m1!4b1!4m6!3m5!1s0x87c87b817ea6aaab:0x6140f628da017db4!8m2!3d37.072572!4d-94.505007!16s%2Fg%2F11f4_5j3ch?entry=ttu&g_ep=EgoyMDI2MDgzMC4wIKXMDSoASAFQAw%3D%3D","5","Missouri","1705 Ohio Ave","false","We've used Shere handyman service several times on projects.  They've tackled 2 separate plumbing issues for us as well as cleaning out our chimney so we could use the fireplace. Every time they've done the  job right and for the price that was quoted.  I'm definitely using them on any future projects around the house that I can't or just don't want to handle.",,"Shere's construction & handyman","4.5",,"https://www.google.com/maps/search/?api=1&query=Shere's%20construction%20%26%20handyman&query_place_id=ChIJq6qmfoF7yIcRtH0B2ij2QGE",
"1705 Ohio Ave, Joplin, MO 64804","3818474682365387824","Handyman/Handywoman/Handyperson","Bathroom remodeler","Construction company","Deck builder","Dry wall contractor","Fence contractor","Flooring contractor","Kitchen remodeler","Painter","Plumber","Handyman/Handywoman/Handyperson","7007871675505147316","Joplin","US","0x87c87b817ea6aaab:0x6140f628da017db4",,"https://lh3.googleusercontent.com/gps-cs-s/AHRPTWnbAvVtx6M_o7f6ghNc9UEvBATC6196-qcpGP3DevpEhzC-_yhIzVvzg4qO0xLo4LcSXLKgDjVgafr3jzHKVRN3b6sGJHtS7Ky9_51D2O5QIwh9_BjJpZORBrESqWVoCuPl3ZqpE2G7BeCo=w426-h240-k-no","false","false","/g/11f4_5j3ch","en","3","37.072572","-94.505007","Thomas Daise",,"en","false","ChIJq6qmfoF7yIcRtH0B2ij2QGE","64804",,"6 years ago","2020-04-20T22:52:29.504Z",,"2020-06-22T09:54:06.000Z","I had called ahead of time and you had said you were home.  I apologize if you didn’t like my attitude after I had waited for you for over 30min in front of your home.  You clearly didn’t value my time otherwise you would have been home when I First showed up like you said you would be.  ",,,,,"ChZDSUhNMG9nS0VJQ0FnSUNjeDVXalZ3EAE",,"Google","https://www.google.com/maps/reviews/data=!4m8!14m7!1m6!2m5!1sChZDSUhNMG9nS0VJQ0FnSUNjeDVXalZ3EAE!2m1!1s0x0:0x6140f628da017db4!3m1!1s2@1:CIHM0ogKEICAgICcx5WjVw%7C%7C?hl=en","103976690309144815279","9","https://lh3.googleusercontent.com/a/ACg8ocKqlwMILmc2pFjp4fomhAJ8w5LBekZwU70WD826IHjprmu15A=s1920-c-rp-mo-br100","https://www.google.com/maps/contrib/103976690309144815279?hl=en","116","2026-09-02T04:33:41.618Z","Direct Detail URL: https://www.google.com/maps/place/Shere's+construction+%26+handyman/@37.072572,-94.505007,17z/data=!3m1!4b1!4m6!3m5!1s0x87c87b817ea6aaab:0x6140f628da017db4!8m2!3d37.072572!4d-94.505007!16s%2Fg%2F11f4_5j3ch?entry=ttu&g_ep=EgoyMDI2MDgzMC4wIKXMDSoASAFQAw%3D%3D","1","Missouri","1705 Ohio Ave","false","First time calling Shere's handyman & lawn. Was not pleased with his attitude. I pulled up behind him before he pulled off. He was in such a hurry should not have schedule appointments if he did not time. Not a good impression",,"Shere's construction & handyman","4.5",,"https://www.google.com/maps/search/?api=1&query=Shere's%20construction%20%26%20handyman&query_place_id=ChIJq6qmfoF7yIcRtH0B2ij2QGE",
"1705 Ohio Ave, Joplin, MO 64804","3818474682365387824","Handyman/Handywoman/Handyperson","Bathroom remodeler","Construction company","Deck builder","Dry wall contractor","Fence contractor","Flooring contractor","Kitchen remodeler","Painter","Plumber","Handyman/Handywoman/Handyperson","7007871675505147316","Joplin","US","0x87c87b817ea6aaab:0x6140f628da017db4",,"https://lh3.googleusercontent.com/gps-cs-s/AHRPTWnbAvVtx6M_o7f6ghNc9UEvBATC6196-qcpGP3DevpEhzC-_yhIzVvzg4qO0xLo4LcSXLKgDjVgafr3jzHKVRN3b6sGJHtS7Ky9_51D2O5QIwh9_BjJpZORBrESqWVoCuPl3ZqpE2G7BeCo=w426-h240-k-no","false","false","/g/11f4_5j3ch","en","0","37.072572","-94.505007","Lee Kincaid",,"en","false","ChIJq6qmfoF7yIcRtH0B2ij2QGE","64804",,"6 years ago","2020-01-26T22:25:27.471Z",,"2020-01-26T23:42:34.000Z","We definitely appreciate all your business.   You and your wife are Awesome to work with  and super friendly aswell.  I’m extremely happy we could help you guys out.  Anytime day or night  we are here.  Don’t hesitate to give us a call.   Thanks again lee !",,"Responsiveness, Punctuality, Quality, Value",,,"ChdDSUhNMG9nS0VJQ0FnSUNzb3NlVDdBRRAB",,"Google","https://www.google.com/maps/reviews/data=!4m8!14m7!1m6!2m5!1sChdDSUhNMG9nS0VJQ0FnSUNzb3NlVDdBRRAB!2m1!1s0x0:0x6140f628da017db4!3m1!1s2@1:CIHM0ogKEICAgICsoseT7AE%7C%7C?hl=en","100701277348558091803","3","https://lh3.googleusercontent.com/a/ACg8ocLSlVcDVLVoCRHt0EnadvdRv_ZDkXoliiMLTP_cn_3wvDRoyQ=s1920-c-rp-mo-br100","https://www.google.com/maps/contrib/100701277348558091803?hl=en","116","2026-09-02T04:33:41.618Z","Direct Detail URL: https://www.google.com/maps/place/Shere's+construction+%26+handyman/@37.072572,-94.505007,17z/data=!3m1!4b1!4m6!3m5!1s0x87c87b817ea6aaab:0x6140f628da017db4!8m2!3d37.072572!4d-94.505007!16s%2Fg%2F11f4_5j3ch?entry=ttu&g_ep=EgoyMDI2MDgzMC4wIKXMDSoASAFQAw%3D%3D","5","Missouri","1705 Ohio Ave","false","Great company to work with. Keaton is a real class act. They did a great job with repairs, charged a fair price, and are very friendly too.",,"Shere's construction & handyman","4.5",,"https://www.google.com/maps/search/?api=1&query=Shere's%20construction%20%26%20handyman&query_place_id=ChIJq6qmfoF7yIcRtH0B2ij2QGE",
"1705 Ohio Ave, Joplin, MO 64804","3818474682365387824","Handyman/Handywoman/Handyperson","Bathroom remodeler","Construction company","Deck builder","Dry wall contractor","Fence contractor","Flooring contractor","Kitchen remodeler","Painter","Plumber","Handyman/Handywoman/Handyperson","7007871675505147316","Joplin","US","0x87c87b817ea6aaab:0x6140f628da017db4",,"https://lh3.googleusercontent.com/gps-cs-s/AHRPTWnbAvVtx6M_o7f6ghNc9UEvBATC6196-qcpGP3DevpEhzC-_yhIzVvzg4qO0xLo4LcSXLKgDjVgafr3jzHKVRN3b6sGJHtS7Ky9_51D2O5QIwh9_BjJpZORBrESqWVoCuPl3ZqpE2G7BeCo=w426-h240-k-no","false","false","/g/11f4_5j3ch","en","2","37.072572","-94.505007","Robert Price",,"en","false","ChIJq6qmfoF7yIcRtH0B2ij2QGE","64804",,"Edited 6 years ago","2020-01-14T23:49:29.026Z",,"2019-11-13T13:06:36.000Z","I’ve never had you down in our schedule for a completely free estimate  and I’ve never had you for a client.   We are always on time and we offer extremely professional services to all our clients.  Sounds like you’ve had a bad experience with some of the contractors in your area. I’d be happy to give you my professional opinion on any estimates needed.
Have a blessed day","Responsiveness, Punctuality",,,,"ChZDSUhNMG9nS0VJQ0FnSUMwbUwzUmRBEAE",,"Google","https://www.google.com/maps/reviews/data=!4m8!14m7!1m6!2m5!1sChZDSUhNMG9nS0VJQ0FnSUMwbUwzUmRBEAE!2m1!1s0x0:0x6140f628da017db4!3m1!1s2@1:CIHM0ogKEICAgIC0mL3RdA%7C%7C?hl=en","106899972256519546678","10","https://lh3.googleusercontent.com/a/ACg8ocKO-xs30Wh4SLmYN1avJPfyzv-E4QY2WuHIkGTVPLF4O2d_yA=s1920-c-rp-mo-br100","https://www.google.com/maps/contrib/106899972256519546678?hl=en","116","2026-09-02T04:33:41.618Z","Direct Detail URL: https://www.google.com/maps/place/Shere's+construction+%26+handyman/@37.072572,-94.505007,17z/data=!3m1!4b1!4m6!3m5!1s0x87c87b817ea6aaab:0x6140f628da017db4!8m2!3d37.072572!4d-94.505007!16s%2Fg%2F11f4_5j3ch?entry=ttu&g_ep=EgoyMDI2MDgzMC4wIKXMDSoASAFQAw%3D%3D","1","Missouri","1705 Ohio Ave","false","Really no stars - don't bother with this contractor.
First time was supposed to show for an estimate appt, never showed/never called.
Called them 30 minutes after appt time and claimed they were hurt on the job and couldn't make it. Was just getting ready to call me......... Right.
Rescheduled for same time next day and got a text 30 min before asking to reschedule the following week?
No thanks - if this is how they handle appts, can you imagine how they handle their jobs?????",,"Shere's construction & handyman","4.5",,"https://www.google.com/maps/search/?api=1&query=Shere's%20construction%20%26%20handyman&query_place_id=ChIJq6qmfoF7yIcRtH0B2ij2QGE",
"1705 Ohio Ave, Joplin, MO 64804","3818474682365387824","Handyman/Handywoman/Handyperson","Bathroom remodeler","Construction company","Deck builder","Dry wall contractor","Fence contractor","Flooring contractor","Kitchen remodeler","Painter","Plumber","Handyman/Handywoman/Handyperson","7007871675505147316","Joplin","US","0x87c87b817ea6aaab:0x6140f628da017db4",,"https://lh3.googleusercontent.com/gps-cs-s/AHRPTWnbAvVtx6M_o7f6ghNc9UEvBATC6196-qcpGP3DevpEhzC-_yhIzVvzg4qO0xLo4LcSXLKgDjVgafr3jzHKVRN3b6sGJHtS7Ky9_51D2O5QIwh9_BjJpZORBrESqWVoCuPl3ZqpE2G7BeCo=w426-h240-k-no","false","false","/g/11f4_5j3ch","en","0","37.072572","-94.505007","Meagan Brashar",,"en","false","ChIJq6qmfoF7yIcRtH0B2ij2QGE","64804",,"6 years ago","2019-11-13T22:17:55.350Z",,"2019-11-14T22:49:20.000Z","I’m so happy I was able to help you guys with your emergency water line repair. It was definitely an honor.  You and your husband were great to work with. We look forward to working with you guys again in the near future",,,,,"ChZDSUhNMG9nS0VJQ0FnSUQwbGV2eGNnEAE",,"Google","https://www.google.com/maps/reviews/data=!4m8!14m7!1m6!2m5!1sChZDSUhNMG9nS0VJQ0FnSUQwbGV2eGNnEAE!2m1!1s0x0:0x6140f628da017db4!3m1!1s2@1:CIHM0ogKEICAgID0levxcg%7C%7C?hl=en","116583743407573998722","2","https://lh3.googleusercontent.com/a-/ALV-UjVhapjWA4nS69Qdi-SHIE_3Aj30CAnsFo7JD1ILzoCYNqA_Yvhm=s1920-c-rp-mo-br100","https://www.google.com/maps/contrib/116583743407573998722?hl=en","116","2026-09-02T04:33:41.618Z","Direct Detail URL: https://www.google.com/maps/place/Shere's+construction+%26+handyman/@37.072572,-94.505007,17z/data=!3m1!4b1!4m6!3m5!1s0x87c87b817ea6aaab:0x6140f628da017db4!8m2!3d37.072572!4d-94.505007!16s%2Fg%2F11f4_5j3ch?entry=ttu&g_ep=EgoyMDI2MDgzMC4wIKXMDSoASAFQAw%3D%3D","5","Missouri","1705 Ohio Ave","false","My husband and I woke up to the sound of a leaking water line. My husband called many businesses and they were unable to help under such short notice. Shere's answered the call and squeezed us in, same day! These guys have gone over and beyond to try and save us money on materials! They are honest guys and priced fairly. We have ran into issues we were unaware of. They were upfront about costs and walked us through step by step of the plan and how much it would cost. I would highly recommend!",,"Shere's construction & handyman","4.5",,"https://www.google.com/maps/search/?api=1&query=Shere's%20construction%20%26%20handyman&query_place_id=ChIJq6qmfoF7yIcRtH0B2ij2QGE",
"1705 Ohio Ave, Joplin, MO 64804","3818474682365387824","Handyman/Handywoman/Handyperson","Bathroom remodeler","Construction company","Deck builder","Dry wall contractor","Fence contractor","Flooring contractor","Kitchen remodeler","Painter","Plumber","Handyman/Handywoman/Handyperson","7007871675505147316","Joplin","US","0x87c87b817ea6aaab:0x6140f628da017db4",,"https://lh3.googleusercontent.com/gps-cs-s/AHRPTWnbAvVtx6M_o7f6ghNc9UEvBATC6196-qcpGP3DevpEhzC-_yhIzVvzg4qO0xLo4LcSXLKgDjVgafr3jzHKVRN3b6sGJHtS7Ky9_51D2O5QIwh9_BjJpZORBrESqWVoCuPl3ZqpE2G7BeCo=w426-h240-k-no","false","false","/g/11f4_5j3ch","en","0","37.072572","-94.505007","Kathy Ramsey",,"en","false","ChIJq6qmfoF7yIcRtH0B2ij2QGE","64804",,"6 years ago","2019-11-13T15:12:54.217Z",,"2019-11-13T18:03:06.000Z","It’s an honor you have chosen us to do all your repairs etc We definitely appreciate your business.  Your completely right , We absolutely love what we do in every way. We look forward to working with more in the near future.   Thanks again Kathy and god bless!",,,,,"ChdDSUhNMG9nS0VJQ0FnSUQwNWMtLXl3RRAB",,"Google","https://www.google.com/maps/reviews/data=!4m8!14m7!1m6!2m5!1sChdDSUhNMG9nS0VJQ0FnSUQwNWMtLXl3RRAB!2m1!1s0x0:0x6140f628da017db4!3m1!1s2@1:CIHM0ogKEICAgID05c--ywE%7C%7C?hl=en","113581788273332432639","1","https://lh3.googleusercontent.com/a/ACg8ocKPnABXfy_-1Gz_Vi_CJUnu-D-wJfPvFhQRjrRT_qgJrOJ13g=s1920-c-rp-mo-br100","https://www.google.com/maps/contrib/113581788273332432639?hl=en","116","2026-09-02T04:33:41.618Z","Direct Detail URL: https://www.google.com/maps/place/Shere's+construction+%26+handyman/@37.072572,-94.505007,17z/data=!3m1!4b1!4m6!3m5!1s0x87c87b817ea6aaab:0x6140f628da017db4!8m2!3d37.072572!4d-94.505007!16s%2Fg%2F11f4_5j3ch?entry=ttu&g_ep=EgoyMDI2MDgzMC4wIKXMDSoASAFQAw%3D%3D","5","Missouri","1705 Ohio Ave","false","Very nice, family oriented, knowledgeable and super efficient business. I got my bid the next day & work began 4 days later. Keaton and James are efficient and hard working. I will certainly be using them on a regular basis. Excellent!! Five stars!! Keaton has an infectious laugh & it is obvious he really enjoys his work.",,"Shere's construction & handyman","4.5",,"https://www.google.com/maps/search/?api=1&query=Shere's%20construction%20%26%20handyman&query_place_id=ChIJq6qmfoF7yIcRtH0B2ij2QGE",
"1705 Ohio Ave, Joplin, MO 64804","3818474682365387824","Handyman/Handywoman/Handyperson","Bathroom remodeler","Construction company","Deck builder","Dry wall contractor","Fence contractor","Flooring contractor","Kitchen remodeler","Painter","Plumber","Handyman/Handywoman/Handyperson","7007871675505147316","Joplin","US","0x87c87b817ea6aaab:0x6140f628da017db4",,"https://lh3.googleusercontent.com/gps-cs-s/AHRPTWnbAvVtx6M_o7f6ghNc9UEvBATC6196-qcpGP3DevpEhzC-_yhIzVvzg4qO0xLo4LcSXLKgDjVgafr3jzHKVRN3b6sGJHtS7Ky9_51D2O5QIwh9_BjJpZORBrESqWVoCuPl3ZqpE2G7BeCo=w426-h240-k-no","false","true","/g/11f4_5j3ch","en","0","37.072572","-94.505007","Kalena Lodahl",,"en","false","ChIJq6qmfoF7yIcRtH0B2ij2QGE","64804",,"7 years ago","2019-08-27T14:09:23.154Z",,"2019-08-27T19:00:07.000Z","It was awesome to meet you and your husband, It was an honor to do your repairs for you guys. If you guys ever need anything don’t hesitate to give us a ring.  Thank you and god bless!!!",,,,,"ChdDSUhNMG9nS0VJQ0FnSURVeWVhMjRnRRAB",,"Google","https://www.google.com/maps/reviews/data=!4m8!14m7!1m6!2m5!1sChdDSUhNMG9nS0VJQ0FnSURVeWVhMjRnRRAB!2m1!1s0x0:0x6140f628da017db4!3m1!1s2@1:CIHM0ogKEICAgIDUyea24gE%7C%7C?hl=en","106120318592121386791","15","https://lh3.googleusercontent.com/a-/ALV-UjW6aR9vdO0QKpRDHAVatV4Z5x6E8F2-Obiihu1y7SlqXNnbUkShzQ=s1920-c-rp-mo-ba12-br100","https://www.google.com/maps/contrib/106120318592121386791?hl=en","116","2026-09-02T04:33:41.618Z","Direct Detail URL: https://www.google.com/maps/place/Shere's+construction+%26+handyman/@37.072572,-94.505007,17z/data=!3m1!4b1!4m6!3m5!1s0x87c87b817ea6aaab:0x6140f628da017db4!8m2!3d37.072572!4d-94.505007!16s%2Fg%2F11f4_5j3ch?entry=ttu&g_ep=EgoyMDI2MDgzMC4wIKXMDSoASAFQAw%3D%3D","5","Missouri","1705 Ohio Ave","false","Very knowledgeable, professional and fast when giving a quote, does very good work and very fast at scheduling us in.",,"Shere's construction & handyman","4.5",,"https://www.google.com/maps/search/?api=1&query=Shere's%20construction%20%26%20handyman&query_place_id=ChIJq6qmfoF7yIcRtH0B2ij2QGE",
"1705 Ohio Ave, Joplin, MO 64804","3818474682365387824","Handyman/Handywoman/Handyperson","Bathroom remodeler","Construction company","Deck builder","Dry wall contractor","Fence contractor","Flooring contractor","Kitchen remodeler","Painter","Plumber","Handyman/Handywoman/Handyperson","7007871675505147316","Joplin","US","0x87c87b817ea6aaab:0x6140f628da017db4",,"https://lh3.googleusercontent.com/gps-cs-s/AHRPTWnbAvVtx6M_o7f6ghNc9UEvBATC6196-qcpGP3DevpEhzC-_yhIzVvzg4qO0xLo4LcSXLKgDjVgafr3jzHKVRN3b6sGJHtS7Ky9_51D2O5QIwh9_BjJpZORBrESqWVoCuPl3ZqpE2G7BeCo=w426-h240-k-no","false","false","/g/11f4_5j3ch","en","0","37.072572","-94.505007","Pam Short",,"en","false","ChIJq6qmfoF7yIcRtH0B2ij2QGE","64804",,"7 years ago","2019-07-23T03:59:47.649Z",,"2019-07-26T03:26:33.000Z","We are absolutely loving recreating your backyard landscape.   You and your mother have been such great clients to us and so easy to communicate with.  We look forward to working with you on all your future projects and repairs...   Thank you Pam for choosing Sheres handyman!!!!!!",,,,,"ChdDSUhNMG9nS0VJQ0FnSUNVbXEtUm5nRRAB",,"Google","https://www.google.com/maps/reviews/data=!4m8!14m7!1m6!2m5!1sChdDSUhNMG9nS0VJQ0FnSUNVbXEtUm5nRRAB!2m1!1s0x0:0x6140f628da017db4!3m1!1s2@1:CIHM0ogKEICAgICUmq-RngE%7C%7C?hl=en","100340775645845027747","5","https://lh3.googleusercontent.com/a/ACg8ocInHvNWZ3n9euomigERcYMrtKCWLx3n3HbH3lsQhOcMnV0F0w=s1920-c-rp-mo-br100","https://www.google.com/maps/contrib/100340775645845027747?hl=en","116","2026-09-02T04:33:41.618Z","Direct Detail URL: https://www.google.com/maps/place/Shere's+construction+%26+handyman/@37.072572,-94.505007,17z/data=!3m1!4b1!4m6!3m5!1s0x87c87b817ea6aaab:0x6140f628da017db4!8m2!3d37.072572!4d-94.505007!16s%2Fg%2F11f4_5j3ch?entry=ttu&g_ep=EgoyMDI2MDgzMC4wIKXMDSoASAFQAw%3D%3D","5","Missouri","1705 Ohio Ave","false","sheres is landscaping my back yard (. my yard was a mess .) I could not be more pleased with this handyman service..the yard is looking great. Keaton is very easy to work with and I appreciate the knowledge he brings to the job. Thanks Keaton !!!!",,"Shere's construction & handyman","4.5",,"https://www.google.com/maps/search/?api=1&query=Shere's%20construction%20%26%20handyman&query_place_id=ChIJq6qmfoF7yIcRtH0B2ij2QGE",
"1705 Ohio Ave, Joplin, MO 64804","3818474682365387824","Handyman/Handywoman/Handyperson","Bathroom remodeler","Construction company","Deck builder","Dry wall contractor","Fence contractor","Flooring contractor","Kitchen remodeler","Painter","Plumber","Handyman/Handywoman/Handyperson","7007871675505147316","Joplin","US","0x87c87b817ea6aaab:0x6140f628da017db4",,"https://lh3.googleusercontent.com/gps-cs-s/AHRPTWnbAvVtx6M_o7f6ghNc9UEvBATC6196-qcpGP3DevpEhzC-_yhIzVvzg4qO0xLo4LcSXLKgDjVgafr3jzHKVRN3b6sGJHtS7Ky9_51D2O5QIwh9_BjJpZORBrESqWVoCuPl3ZqpE2G7BeCo=w426-h240-k-no","false","false","/g/11f4_5j3ch","en","0","37.072572","-94.505007","Denny Holdgrafer",,"en","false","ChIJq6qmfoF7yIcRtH0B2ij2QGE","64804",,"7 years ago","2019-05-31T23:38:04.303Z",,"2019-06-11T22:07:10.000Z","We appreciate all your business out in Loma Linda.  Denny you and your staff are absolutely great to work with.  We enjoyed installing all the road signs for you guys and getting to meet members of your community.      We look forward to working with you guys in the future.",,,,,"ChdDSUhNMG9nS0VJQ0FnSUM0cUtfSjZnRRAB",,"Google","https://www.google.com/maps/reviews/data=!4m8!14m7!1m6!2m5!1sChdDSUhNMG9nS0VJQ0FnSUM0cUtfSjZnRRAB!2m1!1s0x0:0x6140f628da017db4!3m1!1s2@1:CIHM0ogKEICAgIC4qK_J6gE%7C%7C?hl=en","105589347733349997391","4","https://lh3.googleusercontent.com/a-/ALV-UjUc69Ti1UMiuLzmmGQ5m0nPrbjNlQRDsS27m9qKaLAQ3B3MsNmm=s1920-c-rp-mo-br100","https://www.google.com/maps/contrib/105589347733349997391?hl=en","116","2026-09-02T04:33:41.618Z","Direct Detail URL: https://www.google.com/maps/place/Shere's+construction+%26+handyman/@37.072572,-94.505007,17z/data=!3m1!4b1!4m6!3m5!1s0x87c87b817ea6aaab:0x6140f628da017db4!8m2!3d37.072572!4d-94.505007!16s%2Fg%2F11f4_5j3ch?entry=ttu&g_ep=EgoyMDI2MDgzMC4wIKXMDSoASAFQAw%3D%3D","5","Missouri","1705 Ohio Ave","false","The city of Loma Linda, Mo. needed road sign repairs (12 altogether) Shere's
got the bid and got the job done in about 6 hours instead of two days. The price was right and the work was done right!",,"Shere's construction & handyman","4.5",,"https://www.google.com/maps/search/?api=1&query=Shere's%20construction%20%26%20handyman&query_place_id=ChIJq6qmfoF7yIcRtH0B2ij2QGE",
"1705 Ohio Ave, Joplin, MO 64804","3818474682365387824","Handyman/Handywoman/Handyperson","Bathroom remodeler","Construction company","Deck builder","Dry wall contractor","Fence contractor","Flooring contractor","Kitchen remodeler","Painter","Plumber","Handyman/Handywoman/Handyperson","7007871675505147316","Joplin","US","0x87c87b817ea6aaab:0x6140f628da017db4",,"https://lh3.googleusercontent.com/gps-cs-s/AHRPTWnbAvVtx6M_o7f6ghNc9UEvBATC6196-qcpGP3DevpEhzC-_yhIzVvzg4qO0xLo4LcSXLKgDjVgafr3jzHKVRN3b6sGJHtS7Ky9_51D2O5QIwh9_BjJpZORBrESqWVoCuPl3ZqpE2G7BeCo=w426-h240-k-no","false","false","/g/11f4_5j3ch","en","0","37.072572","-94.505007","Lynn",,"en","false","ChIJq6qmfoF7yIcRtH0B2ij2QGE","64804",,"7 years ago","2019-04-02T00:09:15.341Z",,"2019-06-11T22:11:40.000Z","We appreciate all the work you have given us.  I’m so happy you love your bathroom ,you no you can call text email or fb private message us anytime to get any of your projects in the near future.    417-385-8899",,,,,"ChZDSUhNMG9nS0VJQ0FnSUNZdUpYcklBEAE",,"Google","https://www.google.com/maps/reviews/data=!4m8!14m7!1m6!2m5!1sChZDSUhNMG9nS0VJQ0FnSUNZdUpYcklBEAE!2m1!1s0x0:0x6140f628da017db4!3m1!1s2@1:CIHM0ogKEICAgICYuJXrIA%7C%7C?hl=en","108800345559068237476","5","https://lh3.googleusercontent.com/a/ACg8ocIr_BuXW9RbosD2sAxq3SpARW7fUjWdub5Ocy6gZsWvEK-59w=s1920-c-rp-mo-br100","https://www.google.com/maps/contrib/108800345559068237476?hl=en","116","2026-09-02T04:33:41.618Z","Direct Detail URL: https://www.google.com/maps/place/Shere's+construction+%26+handyman/@37.072572,-94.505007,17z/data=!3m1!4b1!4m6!3m5!1s0x87c87b817ea6aaab:0x6140f628da017db4!8m2!3d37.072572!4d-94.505007!16s%2Fg%2F11f4_5j3ch?entry=ttu&g_ep=EgoyMDI2MDgzMC4wIKXMDSoASAFQAw%3D%3D","5","Missouri","1705 Ohio Ave","false","I am so glad I went with Shere's Handyman and Lawn. They do fantastic work. They get it done quickly. His rates are fair. They are very professional. My bathroom looks so much better. I definately will be using you guys in the futute!!",,"Shere's construction & handyman","4.5",,"https://www.google.com/maps/search/?api=1&query=Shere's%20construction%20%26%20handyman&query_place_id=ChIJq6qmfoF7yIcRtH0B2ij2QGE",
"1705 Ohio Ave, Joplin, MO 64804","3818474682365387824","Handyman/Handywoman/Handyperson","Bathroom remodeler","Construction company","Deck builder","Dry wall contractor","Fence contractor","Flooring contractor","Kitchen remodeler","Painter","Plumber","Handyman/Handywoman/Handyperson","7007871675505147316","Joplin","US","0x87c87b817ea6aaab:0x6140f628da017db4",,"https://lh3.googleusercontent.com/gps-cs-s/AHRPTWnbAvVtx6M_o7f6ghNc9UEvBATC6196-qcpGP3DevpEhzC-_yhIzVvzg4qO0xLo4LcSXLKgDjVgafr3jzHKVRN3b6sGJHtS7Ky9_51D2O5QIwh9_BjJpZORBrESqWVoCuPl3ZqpE2G7BeCo=w426-h240-k-no","false","true","/g/11f4_5j3ch","en","0","37.072572","-94.505007","Jason Arends",,"en","false","ChIJq6qmfoF7yIcRtH0B2ij2QGE","64804",,"7 years ago","2018-11-04T04:46:21.673Z",,"2019-02-12T20:02:27.000Z","Thank you Jason.  We sure do appreciate all the work you have given to us.  It’s was awesome to recreate the few bedrooms  we painted etc for you.  We thank you for your business and look forward to working with you again in the future.",,,,,"ChdDSUhNMG9nS0VJQ0FnSUNJNHBDMC1BRRAB",,"Google","https://www.google.com/maps/reviews/data=!4m8!14m7!1m6!2m5!1sChdDSUhNMG9nS0VJQ0FnSUNJNHBDMC1BRRAB!2m1!1s0x0:0x6140f628da017db4!3m1!1s2@1:CIHM0ogKEICAgICI4pC0-AE%7C%7C?hl=en","118295082946824520129","30","https://lh3.googleusercontent.com/a-/ALV-UjU3yDgkinErP1aQskPnXuR-AwYCQqQZvdBI2B_MQ4Ir1d1wr9tqJQ=s1920-c-rp-mo-ba12-br100","https://www.google.com/maps/contrib/118295082946824520129?hl=en","116","2026-09-02T04:33:41.618Z","Direct Detail URL: https://www.google.com/maps/place/Shere's+construction+%26+handyman/@37.072572,-94.505007,17z/data=!3m1!4b1!4m6!3m5!1s0x87c87b817ea6aaab:0x6140f628da017db4!8m2!3d37.072572!4d-94.505007!16s%2Fg%2F11f4_5j3ch?entry=ttu&g_ep=EgoyMDI2MDgzMC4wIKXMDSoASAFQAw%3D%3D","5","Missouri","1705 Ohio Ave","false","Super friendly, fast, and honest. I've had them give me a bunch of quotes and have had them paint a few rooms. They turned out great. Very easy to work with and communicate with. Makes sure everything is done right. I will be using them for future projects and I highly recommend contacting them for a quote!",,"Shere's construction & handyman","4.5",,"https://www.google.com/maps/search/?api=1&query=Shere's%20construction%20%26%20handyman&query_place_id=ChIJq6qmfoF7yIcRtH0B2ij2QGE",
"1705 Ohio Ave, Joplin, MO 64804","3818474682365387824","Handyman/Handywoman/Handyperson","Bathroom remodeler","Construction company","Deck builder","Dry wall contractor","Fence contractor","Flooring contractor","Kitchen remodeler","Painter","Plumber","Handyman/Handywoman/Handyperson","7007871675505147316","Joplin","US","0x87c87b817ea6aaab:0x6140f628da017db4",,"https://lh3.googleusercontent.com/gps-cs-s/AHRPTWnbAvVtx6M_o7f6ghNc9UEvBATC6196-qcpGP3DevpEhzC-_yhIzVvzg4qO0xLo4LcSXLKgDjVgafr3jzHKVRN3b6sGJHtS7Ky9_51D2O5QIwh9_BjJpZORBrESqWVoCuPl3ZqpE2G7BeCo=w426-h240-k-no","false","true","/g/11f4_5j3ch","en","0","37.072572","-94.505007","James Miller",,"en","false","ChIJq6qmfoF7yIcRtH0B2ij2QGE","64804",,"Edited 7 years ago","2018-10-25T14:04:59.104Z",,"2019-06-11T22:15:00.000Z","Well I sure try lol.  I’ve been in the construction field my entire life and we strive to be the best at everything we do and do it at the most affordable rates possible. We thank you here at Shere’s handyman !!!",,,,,"ChdDSUhNMG9nS0VJQ0FnSURBOG9tVjZRRRAB",,"Google","https://www.google.com/maps/reviews/data=!4m8!14m7!1m6!2m5!1sChdDSUhNMG9nS0VJQ0FnSURBOG9tVjZRRRAB!2m1!1s0x0:0x6140f628da017db4!3m1!1s2@1:CIHM0ogKEICAgIDA8omV6QE%7C%7C?hl=en","101217112417336640371","12","https://lh3.googleusercontent.com/a-/ALV-UjX-IlnBlNGeTTMJ72J8oPeBaDytCJelmH7XfAV7472-IwFC902w=s1920-c-rp-mo-ba12-br100","https://www.google.com/maps/contrib/101217112417336640371?hl=en","116","2026-09-02T04:33:41.618Z","Direct Detail URL: https://www.google.com/maps/place/Shere's+construction+%26+handyman/@37.072572,-94.505007,17z/data=!3m1!4b1!4m6!3m5!1s0x87c87b817ea6aaab:0x6140f628da017db4!8m2!3d37.072572!4d-94.505007!16s%2Fg%2F11f4_5j3ch?entry=ttu&g_ep=EgoyMDI2MDgzMC4wIKXMDSoASAFQAw%3D%3D","5","Missouri","1705 Ohio Ave","false","Keaton is awesome, fast and affordable. He gets the job done right and for a great $$$.",,"Shere's construction & handyman","4.5",,"https://www.google.com/maps/search/?api=1&query=Shere's%20construction%20%26%20handyman&query_place_id=ChIJq6qmfoF7yIcRtH0B2ij2QGE",
"1705 Ohio Ave, Joplin, MO 64804","3818474682365387824","Handyman/Handywoman/Handyperson","Bathroom remodeler","Construction company","Deck builder","Dry wall contractor","Fence contractor","Flooring contractor","Kitchen remodeler","Painter","Plumber","Handyman/Handywoman/Handyperson","7007871675505147316","Joplin","US","0x87c87b817ea6aaab:0x6140f628da017db4",,"https://lh3.googleusercontent.com/gps-cs-s/AHRPTWnbAvVtx6M_o7f6ghNc9UEvBATC6196-qcpGP3DevpEhzC-_yhIzVvzg4qO0xLo4LcSXLKgDjVgafr3jzHKVRN3b6sGJHtS7Ky9_51D2O5QIwh9_BjJpZORBrESqWVoCuPl3ZqpE2G7BeCo=w426-h240-k-no","false","true","/g/11f4_5j3ch","en","0","37.072572","-94.505007","Shanda Scott",,"en","false","ChIJq6qmfoF7yIcRtH0B2ij2QGE","64804",,"7 years ago","2018-10-19T20:35:07.127Z",,"2019-02-12T20:08:21.000Z","Well thank you shanda , it’s been awesome to work with you and your husband.  You guys have been very loyal clients to us, and we thank you  very very much .    We all here at sheres handyman  look forward to another great year working with you.",,,,,"ChdDSUhNMG9nS0VJQ0FnSUR3M0pma2hnRRAB",,"Google","https://www.google.com/maps/reviews/data=!4m8!14m7!1m6!2m5!1sChdDSUhNMG9nS0VJQ0FnSUR3M0pma2hnRRAB!2m1!1s0x0:0x6140f628da017db4!3m1!1s2@1:CIHM0ogKEICAgIDw3JfkhgE%7C%7C?hl=en","117269544071875711200","24","https://lh3.googleusercontent.com/a-/ALV-UjVjlOqvXI899wMhFIVT9oJwR4_nKEb326IGlnaqWgWtkDca_yA=s1920-c-rp-mo-ba12-br100","https://www.google.com/maps/contrib/117269544071875711200?hl=en","116","2026-09-02T04:33:41.618Z","Direct Detail URL: https://www.google.com/maps/place/Shere's+construction+%26+handyman/@37.072572,-94.505007,17z/data=!3m1!4b1!4m6!3m5!1s0x87c87b817ea6aaab:0x6140f628da017db4!8m2!3d37.072572!4d-94.505007!16s%2Fg%2F11f4_5j3ch?entry=ttu&g_ep=EgoyMDI2MDgzMC4wIKXMDSoASAFQAw%3D%3D","5","Missouri","1705 Ohio Ave","false","They’ve done several jobs for me over the past four years and have always done excellent work. Keaton is very detail oriented and is always on time! Excellent craftsmanship!",,"Shere's construction & handyman","4.5",,"https://www.google.com/maps/search/?api=1&query=Shere's%20construction%20%26%20handyman&query_place_id=ChIJq6qmfoF7yIcRtH0B2ij2QGE",
"1705 Ohio Ave, Joplin, MO 64804","3818474682365387824","Handyman/Handywoman/Handyperson","Bathroom remodeler","Construction company","Deck builder","Dry wall contractor","Fence contractor","Flooring contractor","Kitchen remodeler","Painter","Plumber","Handyman/Handywoman/Handyperson","7007871675505147316","Joplin","US","0x87c87b817ea6aaab:0x6140f628da017db4",,"https://lh3.googleusercontent.com/gps-cs-s/AHRPTWnbAvVtx6M_o7f6ghNc9UEvBATC6196-qcpGP3DevpEhzC-_yhIzVvzg4qO0xLo4LcSXLKgDjVgafr3jzHKVRN3b6sGJHtS7Ky9_51D2O5QIwh9_BjJpZORBrESqWVoCuPl3ZqpE2G7BeCo=w426-h240-k-no","false","true","/g/11f4_5j3ch","en","0","37.072572","-94.505007","Michael Ray",,"en","false","ChIJq6qmfoF7yIcRtH0B2ij2QGE","64804",,"8 years ago","2018-08-28T19:24:21.010Z",,"2018-08-28T20:15:24.000Z","Helping remodel your home was an honor.
I really enjoyed  working on your home. Day or night  we are here for all your home improvement needs and wants.  Can't wait to come back and finish it up. We'll be seeing you soon..   thank you for always answering text etc when needed. Communication is rough between contractors and home owners when home owners don't live close by etc, but you guys were great and on top of all calls etc.  Big Big thank you  Mike and Beth for everything!",,,,,"ChdDSUhNMG9nS0VJQ0FnSURna1BXLXhBRRAB",,"Google","https://www.google.com/maps/reviews/data=!4m8!14m7!1m6!2m5!1sChdDSUhNMG9nS0VJQ0FnSURna1BXLXhBRRAB!2m1!1s0x0:0x6140f628da017db4!3m1!1s2@1:CIHM0ogKEICAgIDgkPW-xAE%7C%7C?hl=en","105196653297798590190","47","https://lh3.googleusercontent.com/a/ACg8ocLD7LKVp7fXMOKhNIO8LXF9NbLifSL467p2CpjslshE_8BRoA=s1920-c-rp-mo-ba12-br100","https://www.google.com/maps/contrib/105196653297798590190?hl=en","116","2026-09-02T04:33:41.618Z","Direct Detail URL: https://www.google.com/maps/place/Shere's+construction+%26+handyman/@37.072572,-94.505007,17z/data=!3m1!4b1!4m6!3m5!1s0x87c87b817ea6aaab:0x6140f628da017db4!8m2!3d37.072572!4d-94.505007!16s%2Fg%2F11f4_5j3ch?entry=ttu&g_ep=EgoyMDI2MDgzMC4wIKXMDSoASAFQAw%3D%3D","5","Missouri","1705 Ohio Ave","false","Keaton and his team did an outstanding job overcoming many obstacles in a 100year old house that hasn’t been maintained.  His team fixed numerous problems for us without hessitation and communicated effectively.  He was efficient and prompt and his work was above par!  I would definitely hire him again! Thanks Keaton and crew!",,"Shere's construction & handyman","4.5",,"https://www.google.com/maps/search/?api=1&query=Shere's%20construction%20%26%20handyman&query_place_id=ChIJq6qmfoF7yIcRtH0B2ij2QGE",
"1705 Ohio Ave, Joplin, MO 64804","3818474682365387824","Handyman/Handywoman/Handyperson","Bathroom remodeler","Construction company","Deck builder","Dry wall contractor","Fence contractor","Flooring contractor","Kitchen remodeler","Painter","Plumber","Handyman/Handywoman/Handyperson","7007871675505147316","Joplin","US","0x87c87b817ea6aaab:0x6140f628da017db4",,"https://lh3.googleusercontent.com/gps-cs-s/AHRPTWnbAvVtx6M_o7f6ghNc9UEvBATC6196-qcpGP3DevpEhzC-_yhIzVvzg4qO0xLo4LcSXLKgDjVgafr3jzHKVRN3b6sGJHtS7Ky9_51D2O5QIwh9_BjJpZORBrESqWVoCuPl3ZqpE2G7BeCo=w426-h240-k-no","false","false","/g/11f4_5j3ch","en","0","37.072572","-94.505007","Cristin Gilleland",,"en","false","ChIJq6qmfoF7yIcRtH0B2ij2QGE","64804",,"8 years ago","2018-04-17T02:29:41.866Z",,"2018-04-17T03:11:20.000Z","It was an honor to make your vision come to reality, I can only imagine how happy your daughter is.   Big big thank you for choosing us , it was a blast.",,,,,"ChdDSUhNMG9nS0VJQ0FnSUNRbXVTMmpBRRAB",,"Google","https://www.google.com/maps/reviews/data=!4m8!14m7!1m6!2m5!1sChdDSUhNMG9nS0VJQ0FnSUNRbXVTMmpBRRAB!2m1!1s0x0:0x6140f628da017db4!3m1!1s2@1:CIHM0ogKEICAgICQmuS2jAE%7C%7C?hl=en","102752623969285519366","1","https://lh3.googleusercontent.com/a-/ALV-UjUoLmkfocb06GrCOndX8ZEI3pLcPo1ibsHwfkmSjOUoPPhzgXbl=s1920-c-rp-mo-br100","https://www.google.com/maps/contrib/102752623969285519366?hl=en","116","2026-09-02T04:33:41.618Z","Direct Detail URL: https://www.google.com/maps/place/Shere's+construction+%26+handyman/@37.072572,-94.505007,17z/data=!3m1!4b1!4m6!3m5!1s0x87c87b817ea6aaab:0x6140f628da017db4!8m2!3d37.072572!4d-94.505007!16s%2Fg%2F11f4_5j3ch?entry=ttu&g_ep=EgoyMDI2MDgzMC4wIKXMDSoASAFQAw%3D%3D","5","Missouri","1705 Ohio Ave","false","Keaton and his team were so awesome to work with.  I told them my ideas for my daughter's playhouse and deck around our tree, and they turned my vision into a reality.  They also repaired our existing deck that was on the verge of falling down.  They did all of this over a weekend, which was just amazing!  They looked for every way to save me money, and I don't think I could've done any better.  On top of all of this, Keaton checked in with me often to see if I had any questions and to make sure that he did the job exactly like I wanted.  Being someone that knows nothing about construction, I had to call and text him several times with questions, and he was always quick to respond.  I'm already planning future projects and I will for sure give Keaton a call again.  He's made my little girl's dreams come true, and I'm so grateful!",,"Shere's construction & handyman","4.5",,"https://www.google.com/maps/search/?api=1&query=Shere's%20construction%20%26%20handyman&query_place_id=ChIJq6qmfoF7yIcRtH0B2ij2QGE",
"1705 Ohio Ave, Joplin, MO 64804","3818474682365387824","Handyman/Handywoman/Handyperson","Bathroom remodeler","Construction company","Deck builder","Dry wall contractor","Fence contractor","Flooring contractor","Kitchen remodeler","Painter","Plumber","Handyman/Handywoman/Handyperson","7007871675505147316","Joplin","US","0x87c87b817ea6aaab:0x6140f628da017db4",,"https://lh3.googleusercontent.com/gps-cs-s/AHRPTWnbAvVtx6M_o7f6ghNc9UEvBATC6196-qcpGP3DevpEhzC-_yhIzVvzg4qO0xLo4LcSXLKgDjVgafr3jzHKVRN3b6sGJHtS7Ky9_51D2O5QIwh9_BjJpZORBrESqWVoCuPl3ZqpE2G7BeCo=w426-h240-k-no","false","false","/g/11f4_5j3ch","en","0","37.072572","-94.505007","Randy Randolph",,"en","false","ChIJq6qmfoF7yIcRtH0B2ij2QGE","64804",,"8 years ago","2018-03-23T14:24:34.720Z",,"2018-03-23T23:28:31.000Z","We appreciate all your business. Repeat clients keeps our business going . Day or night we are here for any of ur home improvement needs.  You guys were great to work with ,can't wait to come back and Complete some more of the projects you guys need done.  Thx again and we'll see you guys soon.",,,,,"ChdDSUhNMG9nS0VJQ0FnSUNnNFluSXFRRRAB",,"Google","https://www.google.com/maps/reviews/data=!4m8!14m7!1m6!2m5!1sChdDSUhNMG9nS0VJQ0FnSUNnNFluSXFRRRAB!2m1!1s0x0:0x6140f628da017db4!3m1!1s2@1:CIHM0ogKEICAgICg4YnIqQE%7C%7C?hl=en","117245593382215946027","2","https://lh3.googleusercontent.com/a/ACg8ocIONcv4_87GZgyOiRTWLotd3H0koFQP7fKZQKet8mktkaru-Q=s1920-c-rp-mo-br100","https://www.google.com/maps/contrib/117245593382215946027?hl=en","116","2026-09-02T04:33:41.618Z","Direct Detail URL: https://www.google.com/maps/place/Shere's+construction+%26+handyman/@37.072572,-94.505007,17z/data=!3m1!4b1!4m6!3m5!1s0x87c87b817ea6aaab:0x6140f628da017db4!8m2!3d37.072572!4d-94.505007!16s%2Fg%2F11f4_5j3ch?entry=ttu&g_ep=EgoyMDI2MDgzMC4wIKXMDSoASAFQAw%3D%3D","5","Missouri","1705 Ohio Ave","false","Had a great experience with them will definitely use them again.",,"Shere's construction & handyman","4.5",,"https://www.google.com/maps/search/?api=1&query=Shere's%20construction%20%26%20handyman&query_place_id=ChIJq6qmfoF7yIcRtH0B2ij2QGE",
